cws_ID,cws_name,type,dist_system_class,max_treatment_class,principal_county_served,primary_water_source_type,project_water,lat,long,within_legalDelta,latitude,longitude,in_legal_delta,final_lat,final_long
CA0701706,LOS VAQUEROS MARINA BLDG,NC,D1,T2,CONTRA COSTA,SW,SWP,37.8088471,-121.7485802,NA,NA,NA,NA,37.8088471,-121.7485802
CA0701707,LOS VAQUEROS INTERPRETIVE CENTER,NC,D1,T2,CONTRA COSTA,SW,SWP,37.8470105,-121.7253647,NA,NA,NA,NA,37.8470105,-121.7253647
CA0706004,OAKLEY MUTUAL WATER COMPANY,C,D1,TD,CONTRA COSTA,GW,Neither,NA,NA,NA,37.99023956,-121.6243931,TRUE,37.99023956,-121.6243931
CA0706005,FARRAR PARK PROPERTY OWNERS,C,D1,There are no treatment plants,CONTRA COSTA,GW,Neither,NA,NA,NA,38.01401216,-121.6384806,TRUE,38.01401216,-121.6384806
CA0706018,CRUISER HAVEN MARINA,NC,NR,There are no treatment plants,CONTRA COSTA,GW,Neither,NA,NA,NA,NA,NA,NA,NA,NA
CA0706022,BYRON UNITED METHODIST,NC,NR,There are no treatment plants,CONTRA COSTA,GW,Neither,NA,NA,NA,NA,NA,NA,NA,NA
CA0706028,KNIGHTSEN ELEMENTARY SCHOOL,NTNC,D1,There are no treatment plants,CONTRA COSTA,GW,Neither,NA,NA,NA,NA,NA,NA,NA,NA
CA0706029,EXCELSIOR MIDDLE SCHOOL,NTNC,D1,TD,CONTRA COSTA,GW,Neither,NA,NA,NA,NA,NA,NA,NA,NA
CA0706030,NEW LIFE MARINA,NC,NR,There are no treatment plants,CONTRA COSTA,GW,Neither,NA,NA,NA,NA,NA,NA,NA,NA
CA0706031,COUNTRY JUNCTION DELI,NC,NR,There are no treatment plants,CONTRA COSTA,GW,Neither,NA,NA,NA,NA,NA,NA,NA,NA
CA0706032,BETHEL MISSIONARY BAPTIST,NC,NR,T1,CONTRA COSTA,GW,Neither,NA,NA,NA,NA,NA,NA,NA,NA
CA0706034,HOLLAND RIVERSIDE MARINA,NC,NR,There are no treatment plants,CONTRA COSTA,GW,Neither,NA,NA,NA,NA,NA,NA,NA,NA
CA0706037,BETHEL BAPTIST CHURCH,NC,NR,There are no treatment plants,CONTRA COSTA,GW,Neither,NA,NA,NA,NA,NA,NA,NA,NA
CA0706045,WAHL FAMILY WATER SYSTEM,NC,NR,There are no treatment plants,CONTRA COSTA,GW,Neither,NA,NA,NA,NA,NA,NA,NA,NA
CA0706049,BYRON ROADHOUSE,NC,NR,There are no treatment plants,CONTRA COSTA,GW,Neither,NA,NA,NA,NA,NA,NA,NA,NA
CA0706050,WILLOW PASS BUSSINESS PARK WATER SYSTEM,NTNC,D1,TD,CONTRA COSTA,GW,Neither,NA,NA,NA,NA,NA,NA,NA,NA
CA0706054,BETHEL MARKET,NC,NR,There are no treatment plants,CONTRA COSTA,GW,Neither,NA,NA,NA,NA,NA,NA,NA,NA
CA0706056,DELTA SPORTSMAN,NC,NR,There are no treatment plants,CONTRA COSTA,GW,Neither,NA,NA,NA,NA,NA,NA,NA,NA
CA0706059,GAS N SAVE,NC,NR,There are no treatment plants,CONTRA COSTA,GW,Neither,NA,NA,NA,NA,NA,NA,NA,NA
CA0706102,BAY STANDARDS,NTNC,D1,There are no treatment plants,CONTRA COSTA,GW,Neither,NA,NA,NA,NA,NA,NA,NA,NA
CA0706110,BYRON AIRPORT,NC,NR,There are no treatment plants,CONTRA COSTA,GW,Neither,NA,NA,NA,NA,NA,NA,NA,NA
CA0706111,EBRPD LITTLE HILLS,NC,D1,TD,CONTRA COSTA,GW,Neither,NA,NA,NA,NA,NA,NA,NA,NA
CA0706112,EBRPD ROUND VALLEY WATER SYSTEM,NC,D1,TD,CONTRA COSTA,GW,Neither,NA,NA,NA,NA,NA,NA,NA,NA
CA0707501,ANGLER S RANCH #3,C,D1,There are no treatment plants,CONTRA COSTA,GW,Neither,NA,NA,NA,38.02212082,-121.6568978,TRUE,38.02212082,-121.6568978
CA0707502,EBRPD BLACK DIAMOND MINES,NC,D1,TD,CONTRA COSTA,GW,Neither,NA,NA,NA,NA,NA,NA,NA,NA
CA0707503,BETHEL HARBOR,NC,NR,There are no treatment plants,CONTRA COSTA,GW,Neither,NA,NA,NA,NA,NA,NA,NA,NA
CA0707507,WILLOW PARK MARINA,C,D1,TD,CONTRA COSTA,GW,Neither,NA,NA,NA,38.00828958,-121.6309893,TRUE,38.00828958,-121.6309893
CA0707509,DELTA BAR AND GRILL,NC,NR,There are no treatment plants,CONTRA COSTA,GW,Neither,NA,NA,NA,NA,NA,NA,NA,NA
CA0707517,COLONIA SANTA MARIA,C,D1,There are no treatment plants,CONTRA COSTA,GW,Neither,NA,NA,NA,37.90227381,-121.6895668,TRUE,37.90227381,-121.6895668
CA0707519,DUTCH SLOUGH WATER WORKS,C,D1,There are no treatment plants,CONTRA COSTA,GW,Neither,NA,NA,NA,38.01174956,-121.6525776,TRUE,38.01174956,-121.6525776
CA0707521,BYRON CORNERS INC,NC,NR,T1,CONTRA COSTA,GW,Neither,NA,NA,NA,NA,NA,NA,NA,NA
CA0707523,BETHEL ISLAND ESTATES,C,D1,TD,CONTRA COSTA,GW,Neither,NA,NA,NA,38.01958177,-121.6140036,TRUE,38.01958177,-121.6140036
CA0707532,MCAVOY YACHT HARBOR,NC,NR,There are no treatment plants,CONTRA COSTA,GW,Neither,NA,NA,NA,NA,NA,NA,NA,NA
CA0707534,BRENTWOOD MARINA,NC,NR,There are no treatment plants,CONTRA COSTA,GW,Neither,NA,NA,NA,NA,NA,NA,NA,NA
CA0707542,CONCORD MT DIABLO TRAILRIDE ASSOC.,NC,D1,TD,CONTRA COSTA,GW,Neither,NA,NA,NA,NA,NA,NA,NA,NA
CA0707545,ORWOOD RESORT,C,D1,There are no treatment plants,CONTRA COSTA,GW,Neither,NA,NA,NA,37.93873239,-121.6118352,TRUE,37.93873239,-121.6118352
CA0707547,KNIGHTSEN COMMUNITY WATER SYSTEM,C,D1,TD,CONTRA COSTA,GW,Neither,NA,NA,NA,37.97578562,-121.6653623,TRUE,37.97578562,-121.6653623
CA0707550,SUNSET MARINA,NC,NR,There are no treatment plants,CONTRA COSTA,GW,Neither,NA,NA,NA,NA,NA,NA,NA,NA
CA0707553,RIVERVIEW MOBILE HOME PARK,C,D1,There are no treatment plants,CONTRA COSTA,GW,Neither,NA,NA,NA,38.02741006,-121.9205253,TRUE,38.02741006,-121.9205253
CA0707556,SANDMOUND MUTUAL,C,D1,There are no treatment plants,CONTRA COSTA,GW,Neither,NA,NA,NA,38.01150745,-121.6325874,TRUE,38.01150745,-121.6325874
CA0707564,MARIN FOOD SPECIALTIES,NC,D1,T1,CONTRA COSTA,GW,Neither,NA,NA,NA,NA,NA,NA,NA,NA
CA0707569,ANGLERS SUBDIVISION 4,C,D1,There are no treatment plants,CONTRA COSTA,GW,Neither,NA,NA,NA,38.01780266,-121.6494928,TRUE,38.01780266,-121.6494928
CA0707570,BRIDGEHEAD CAFE,NC,NR,T1,CONTRA COSTA,GW,Neither,NA,NA,NA,NA,NA,NA,NA,NA
CA0707572,BETHEL ISLAND MUTUAL WATER CO,C,D1,There are no treatment plants,CONTRA COSTA,GW,Neither,NA,NA,NA,38.01458439,-121.6392821,TRUE,38.01458439,-121.6392821
CA0707573,DELTA MUTUAL WATER COMPANY,C,D1,TD,CONTRA COSTA,GW,Neither,NA,NA,NA,37.99985163,-121.6279776,TRUE,37.99985163,-121.6279776
CA0707575,BETHEL ISLAND MHC,C,D1,There are no treatment plants,CONTRA COSTA,GW,Neither,NA,NA,NA,38.0212137,-121.6096269,TRUE,38.0212137,-121.6096269
CA0707576,PLEASANTIMES MUTUAL WATER CO,C,D1,There are no treatment plants,CONTRA COSTA,GW,Neither,NA,NA,NA,38.02111967,-121.6142266,TRUE,38.02111967,-121.6142266
CA0707577,RIVERVIEW WATER ASSOCIATION,C,D1,There are no treatment plants,CONTRA COSTA,GW,Neither,NA,NA,NA,38.03636554,-121.62571,TRUE,38.03636554,-121.62571
CA0707585,MORAGA HEIGHTS MUTUAL WATER,C,D1,T1,CONTRA COSTA,GW,Neither,NA,NA,NA,37.8331556,-122.1646908,FALSE,37.8331556,-122.1646908
CA0707588,BIG OAK MOBILE HOME PARK WATER,C,D1,TD,CONTRA COSTA,GW,Neither,NA,NA,NA,37.99155514,-121.6994483,TRUE,37.99155514,-121.6994483
CA0707589,BELLA VISTA WATER SYS,C,D1,There are no treatment plants,CONTRA COSTA,SWP,SWP,n/a,n/a,NA,38.02752686,-121.9217318,TRUE,38.02752686,-121.9217318
CA0707592,SUGAR BARGE MARINA,NC,NR,There are no treatment plants,CONTRA COSTA,GW,Neither,NA,NA,NA,NA,NA,NA,NA,NA
CA0707594,CASA MEDANOS WATER SYSTEM,C,D1,TD,CONTRA COSTA,GW,Neither,NA,NA,NA,38.0121442,-121.8508473,TRUE,38.0121442,-121.8508473
CA0707595,BYRON INN,NC,NR,There are no treatment plants,CONTRA COSTA,GW,Neither,NA,NA,NA,NA,NA,NA,NA,NA
CA0707597,SANDY POINT MOBILE HOME PARK,C,D1,There are no treatment plants,CONTRA COSTA,GW,Neither,NA,NA,NA,38.00619007,-121.629288,TRUE,38.00619007,-121.629288
CA0707598,CAMINO MOBILEHOME,C,D1,There are no treatment plants,CONTRA COSTA,GW,Neither,NA,NA,NA,37.87399409,-121.6429529,TRUE,37.87399409,-121.6429529
CA0707601,RUSSOS MOBILE PARK,C,D1,There are no treatment plants,CONTRA COSTA,GW,Neither,NA,NA,NA,38.03265801,-121.6212925,TRUE,38.03265801,-121.6212925
CA0707603,CLAYTON PALMS WATER,C,D1,There are no treatment plants,CONTRA COSTA,SWP,SWP,n/a,n/a,NA,37.89411982,-121.7933196,FALSE,37.89411982,-121.7933196
CA0707608,MARINA MOBILE MANOR,C,D1,There are no treatment plants,CONTRA COSTA,GW,Neither,NA,NA,NA,38.00997287,-121.6355696,TRUE,38.00997287,-121.6355696
CA0707613,WILLOW MOBILE HOME PARK,C,D1,TD,CONTRA COSTA,GW,Neither,NA,NA,NA,38.03808657,-121.6298151,TRUE,38.03808657,-121.6298151
CA0707615,DOUBLETREE RANCH WATER SYSTEM,C,D1,T1,CONTRA COSTA,GW,Neither,NA,NA,NA,37.77101685,-121.7845768,FALSE,37.77101685,-121.7845768
CA0707617,WILDWOOD ACRES RESORT,NC,NR,There are no treatment plants,CONTRA COSTA,GW,Neither,NA,NA,NA,NA,NA,NA,NA,NA
CA0707620,CANYON SCHOOL,NTNC,D1,T1,CONTRA COSTA,GW,Neither,NA,NA,NA,NA,NA,NA,NA,NA
CA0707623,WILCOX STATION RANCH,C,D1,TD,CONTRA COSTA,GW,Neither,NA,NA,NA,37.82661122,-122.1600931,FALSE,37.82661122,-122.1600931
CA0707630,WILLOWEST MARINA WS,NC,NR,There are no treatment plants,CONTRA COSTA,GW,Neither,NA,NA,NA,NA,NA,NA,NA,NA
CA0707639,OLD BORGES RANCH WATER SYS,NC,NR,There are no treatment plants,CONTRA COSTA,GW,Neither,NA,NA,NA,NA,NA,NA,NA,NA
CA0707643,EBRPD OLD BRIONES REGIONAL PARK,NC,D1,TD,CONTRA COSTA,GW,Neither,NA,NA,NA,NA,NA,NA,NA,NA
CA0707644,EBRPD ALHAMBRA,NC,D1,TD,CONTRA COSTA,GW,Neither,NA,NA,NA,NA,NA,NA,NA,NA
CA0707800,ALL STAR ACADEMY OF DANVILLE,NC,NR,There are no treatment plants,CONTRA COSTA,GW,Neither,NA,NA,NA,NA,NA,NA,NA,NA
CA0707900,EBRPD MORGAN TERRITORY,NC,D1,TD,CONTRA COSTA,GW,Neither,NA,NA,NA,NA,NA,NA,NA,NA
CA0707915,TESS FARM MARKET,NC,NR,There are no treatment plants,CONTRA COSTA,GW,Neither,NA,NA,NA,NA,NA,NA,NA,NA
CA0708000,EBRPD BAY POINT REGIONAL SHORELINE,NC,NR,There are no treatment plants,CONTRA COSTA,GW,Neither,NA,NA,NA,NA,NA,NA,NA,NA
CA0710001,CITY OF ANTIOCH,C,D5,T5,CONTRA COSTA,SW,CVP,37.97981055,-121.7965965,NA,37.97986192,-121.7968237,TRUE,37.97986192,-121.7968237
CA0710002,GOLDEN STATE WATER COMPANY - BAY POINT,C,D3,T1,CONTRA COSTA,SWP,CVP,38.02903336,-121.9590112,NA,38.02902625,-121.9583123,TRUE,38.02902625,-121.9583123
CA0710003,CONTRA COSTA WATER DISTRICT,C,D5,T5,CONTRA COSTA,SW,CVP,37.95794678,-121.8965605,NA,37.93731389,-121.9141981,TRUE,37.93731389,-121.9141981
CA0710004,BRENTWOOD,C,D5,TD,CONTRA COSTA,SWP,SWP,n/a,n/a,NA,37.93575268,-121.7188756,TRUE,37.93575268,-121.7188756
CA0710006,CITY OF MARTINEZ,C,D3,T5,CONTRA COSTA,SWP,CVP,37.99612361,-122.1218261,NA,37.99610317,-122.1218268,FALSE,37.99610317,-122.1218268
CA0710007,DIABLO WATER DISTRICT,C,D3,T2,CONTRA COSTA,SWP,CVP,37.99278668,-121.69553,NA,37.99295809,-121.6955023,TRUE,37.99295809,-121.6955023
CA0710008,CITY OF PITTSBURG,C,D4,T5,CONTRA COSTA,SWP,CVP,38.01898107,-121.8968998,NA,38.01897795,-121.8968261,TRUE,38.01897795,-121.8968261
CA0710009,TOWN OF DISCOVERY BAY,C,D3,T2,CONTRA COSTA,GW,Neither,NA,NA,NA,37.90711962,-121.6067019,TRUE,37.90711962,-121.6067019
CA0710010,RANDALL-BOLD WATER TREATMENT PLANT,C,NR,T5,CONTRA COSTA,SWP,CVP,37.9799528,-121.7361977,NA,NA,NA,NA,37.9799528,-121.7361977
CA0710011,CCWD/BRENTWOOD WTP,C,NR,T5,CONTRA COSTA,SWP,CVP,37.9798989,-121.734343,NA,NA,NA,NA,37.9798989,-121.734343
CA0710300,MOUNT DIABLO STATE PARK,NC,NR,Operator is not required,CONTRA COSTA,GW,Neither,NA,NA,NA,NA,NA,NA,NA,NA
CA0710800,DWR DELTA FIELD DIVISION - BANKS PP,NTNC,D1,T2,CONTRA COSTA,SW,Neither,NA,NA,NA,NA,NA,NA,NA,NA
CA0790001,EBMUD,NP,NA,There are no treatment plants,CONTRA COSTA,Not listed,Neither,NA,NA,NA,NA,NA,NA,NA,NA
CA0790002,CENTRAL CONTRA COSTA SANITARY DISTRICT,NP,NA,There are no treatment plants,CONTRA COSTA,Not listed,Neither,NA,NA,NA,NA,NA,NA,NA,NA
CA0790003,LAMORINDA RECYCLED WATER PROJECT,NP,NA,There are no treatment plants,CONTRA COSTA,Not listed,Neither,NA,NA,NA,NA,NA,NA,NA,NA
CA0790004,DDSD RECYCLING PROJECT,NP,NA,There are no treatment plants,CONTRA COSTA,Not listed,Neither,NA,NA,NA,NA,NA,NA,NA,NA
CA0790005,CITY OF BRENTWOOD RECYCLING PROJECT,NP,NA,There are no treatment plants,CONTRA COSTA,Not listed,Neither,NA,NA,NA,NA,NA,NA,NA,NA
CA0790006,IRONHOUSE SD WATER RECYCLING FACILITY,NP,NA,There are no treatment plants,CONTRA COSTA,Not listed,Neither,NA,NA,NA,NA,NA,NA,NA,NA
CA0790007,MT. VIEW SANITARY DISTRICT,NP,NA,There are no treatment plants,CONTRA COSTA,Not listed,Neither,NA,NA,NA,NA,NA,NA,NA,NA
CA0790009,TOWN OF DISCOVERY BAY,NP,NA,There are no treatment plants,CONTRA COSTA,Not listed,Neither,NA,NA,NA,NA,NA,NA,NA,NA
NA,NA,NA,NA,NA,NA,NA,NA,NA,NA,NA,NA,NA,NA,NA,NA
CA3400100,ALAMAR MARINA,NC,NR,There are no treatment plants,SACRAMENTO,GW,Neither,NA,NA,NA,NA,NA,NA,NA,NA
CA3400101,HOOD WATER MAINTENCE DIST [SWS],C,D2,T2,SACRAMENTO,GW,Neither,NA,NA,NA,38.36799482,-121.5170284,TRUE,38.36799482,-121.5170284
CA3400103,B & W RESORT MARINA,C,D1,There are no treatment plants,SACRAMENTO,GW,Neither,NA,NA,NA,38.12864567,-121.5795688,TRUE,38.12864567,-121.5795688
CA3400106,EAST WALNUT GROVE [SWS],C,D2,T2,SACRAMENTO,GW,Neither,NA,NA,NA,38.24198078,-121.5123514,TRUE,38.24198078,-121.5123514
CA3400107,RIVER'S EDGE MARINA & RESORT,C,D1,There are no treatment plants,SACRAMENTO,GW,Neither,NA,NA,NA,38.11154858,-121.6125582,TRUE,38.11154858,-121.6125582
CA3400113,CLIFF'S MARINA,NC,NR,There are no treatment plants,SACRAMENTO,GW,Neither,NA,NA,NA,NA,NA,NA,NA,NA
CA3400117,DISCOVERY PARK [SWS],NC,NR,There are no treatment plants,SACRAMENTO,GW,Neither,NA,NA,NA,NA,NA,NA,NA,NA
CA3400119,EDDO'S HARBOR & R V PARK,NC,NR,There are no treatment plants,SACRAMENTO,GW,Neither,NA,NA,NA,NA,NA,NA,NA,NA
CA3400121,EL DORADO MOBILE HOME PARK,C,D1,There are no treatment plants,SACRAMENTO,GW,Neither,NA,NA,NA,38.48973236,-121.4283702,FALSE,38.48973236,-121.4283702
CA3400122,EL DORADO WEST MHP,C,D1,There are no treatment plants,SACRAMENTO,GW,Neither,NA,NA,NA,38.48974811,-121.4306468,FALSE,38.48974811,-121.4306468
CA3400123,ELKHORN BOAT LAUNCH [SWS],NC,NR,There are no treatment plants,SACRAMENTO,GW,Neither,NA,NA,NA,NA,NA,NA,NA,NA
CA3400125,FREEPORT MARINA,C,D1,T2,SACRAMENTO,GW,Neither,NA,NA,NA,38.46124535,-121.4993009,TRUE,38.46124535,-121.4993009
CA3400128,HAPPY HARBOR (SWS),C,D1,There are no treatment plants,SACRAMENTO,GW,Neither,NA,NA,NA,38.10716958,-121.5975815,TRUE,38.10716958,-121.5975815
CA3400130,MAGNOLIA MUTUAL WATER,C,D1,There are no treatment plants,SACRAMENTO,GW,Neither,NA,NA,NA,38.32984354,-121.5706338,TRUE,38.32984354,-121.5706338
CA3400131,ELKHORN I-5 REST AREA,NC,NR,TD,SACRAMENTO,GW,Neither,NA,NA,NA,NA,NA,NA,NA,NA
CA3400133,KO-KET RESORT,NC,NR,There are no treatment plants,SACRAMENTO,GW,Neither,NA,NA,NA,NA,NA,NA,NA,NA
CA3400135,KORTHS PIRATES LAIR,C,D1,T2,SACRAMENTO,GW,Neither,NA,NA,NA,38.09841743,-121.5688011,TRUE,38.09841743,-121.5688011
CA3400137,LINCOLN CHAN-HOME RANCH,C,D1,There are no treatment plants,SACRAMENTO,GW,Neither,NA,NA,NA,38.33259827,-121.5660892,TRUE,38.33259827,-121.5660892
CA3400138,LOCKE WATER WORKS CO [SWS],C,D1,There are no treatment plants,SACRAMENTO,GW,Neither,NA,NA,NA,38.25075655,-121.508702,TRUE,38.25075655,-121.508702
CA3400139,SACRAMENTO INTERNATIONAL AIRPORT [SWS],NTNC,D4,There are no treatment plants,SACRAMENTO,SWP,Neither,NA,NA,NA,NA,NA,NA,NA,NA
CA3400141,RIVERBOAT MARINA,NC,NR,T2,SACRAMENTO,GW,Neither,NA,NA,NA,NA,NA,NA,NA,NA
CA3400147,PERRY'S BOAT HARBOR,NC,NR,There are no treatment plants,SACRAMENTO,GW,Neither,NA,NA,NA,NA,NA,NA,NA,NA
CA3400149,RANCHO MARINA,C,D1,T2,SACRAMENTO,GW,Neither,NA,NA,NA,38.10613305,-121.5763172,TRUE,38.10613305,-121.5763172
CA3400151,RYDE HOTEL,NC,NR,There are no treatment plants,SACRAMENTO,GW,Neither,NA,NA,NA,NA,NA,NA,NA,NA
CA3400155,SEQUOIA WATER ASSOC,C,D1,There are no treatment plants,SACRAMENTO,GW,Neither,NA,NA,NA,38.33106709,-121.5672935,TRUE,38.33106709,-121.5672935
CA3400156,SOUTHWEST TRACT W M D [SWS],C,D2,There are no treatment plants,SACRAMENTO,GWP,Neither,NA,NA,NA,38.5231842,-121.4465407,FALSE,38.5231842,-121.4465407
CA3400164,"VIEIRA'S RESORT, INC",C,D1,T2,SACRAMENTO,GW,Neither,NA,NA,NA,38.17114964,-121.6396929,TRUE,38.17114964,-121.6396929
CA3400166,WALNUT GROVE MARINA,NC,NR,There are no treatment plants,SACRAMENTO,GW,Neither,NA,NA,NA,NA,NA,NA,NA,NA
CA3400167,WILLOW BERM MARINA,NC,NR,T2,SACRAMENTO,GW,Neither,NA,NA,NA,NA,NA,NA,NA,NA
CA3400169,SPINDRIFT MARINA,C,D1,T2,SACRAMENTO,GW,Neither,NA,NA,NA,38.1080269,-121.5984289,TRUE,38.1080269,-121.5984289
CA3400172,TOKAY PARK WATER CO,C,D1,There are no treatment plants,SACRAMENTO,GW,Neither,NA,NA,NA,38.49743398,-121.4129744,FALSE,38.49743398,-121.4129744
CA3400173,NORTHGATE 880 [SWS],NTNC,D4,There are no treatment plants,SACRAMENTO,GW,Neither,NA,NA,NA,NA,NA,NA,NA,NA
CA3400179,MC CLELLAN MHP,C,D1,There are no treatment plants,SACRAMENTO,GW,Neither,NA,NA,NA,38.65858456,-121.379982,FALSE,38.65858456,-121.379982
CA3400180,BRANCH CENTER [SWS],NTNC,D2,T2,SACRAMENTO,GW,Neither,NA,NA,NA,NA,NA,NA,NA,NA
CA3400181,LAGUNA DEL SOL INC,C,D1,There are no treatment plants,SACRAMENTO,GW,Neither,NA,NA,NA,38.44842276,-121.2002226,FALSE,38.44842276,-121.2002226
CA3400190,IMPERIAL MANOR MOBILEHOME COMMUNITY,C,D1,There are no treatment plants,SACRAMENTO,GW,Neither,NA,NA,NA,38.67648261,-121.3268261,FALSE,38.67648261,-121.3268261
CA3400191,ELEVEN OAKS MOBILE HOME COMMUNITY,C,D1,There are no treatment plants,SACRAMENTO,GW,Neither,NA,NA,NA,38.65640408,-121.3796378,FALSE,38.65640408,-121.3796378
CA3400192,TUNNEL TRAILER PARK,C,D1,There are no treatment plants,SACRAMENTO,GW,Neither,NA,NA,NA,38.22375508,-121.5578763,TRUE,38.22375508,-121.5578763
CA3400201,COUNTRYSIDE DRIVE-IN,NC,NR,There are no treatment plants,SACRAMENTO,GW,Neither,NA,NA,NA,NA,NA,NA,NA,NA
CA3400202,"THE NEW WRANGLER, INC",NC,NR,There are no treatment plants,SACRAMENTO,GW,Neither,NA,NA,NA,NA,NA,NA,NA,NA
CA3400206,5 BROS (FORMERLY BRANNAN'S ISLAND MARIN),NC,NR,There are no treatment plants,SACRAMENTO,GW,Neither,NA,NA,NA,NA,NA,NA,NA,NA
CA3400208,SAC VALLEY TRUCK STOP,NC,NR,There are no treatment plants,SACRAMENTO,GW,Neither,NA,NA,NA,NA,NA,NA,NA,NA
CA3400217,HOMETOWN COLONIAL ESTATES LLC,C,D1,There are no treatment plants,SACRAMENTO,GW,Neither,NA,NA,NA,38.57556303,-121.3199918,FALSE,38.57556303,-121.3199918
CA3400226,VIRGIN STURGEON,NC,NR,There are no treatment plants,SACRAMENTO,GW,Neither,NA,NA,NA,NA,NA,NA,NA,NA
CA3400229,RIO COSUMNES CORRECTIONAL CENTER [SWS],C,D2,T3,SACRAMENTO,GW,Neither,NA,NA,NA,38.30497243,-121.4246481,FALSE,38.30497243,-121.4246481
CA3400232,RANCHO SECO NGS (SMUD),NTNC,D1,There are no treatment plants,SACRAMENTO,GW,Neither,NA,NA,NA,NA,NA,NA,NA,NA
CA3400240,H C MUDDOX CO,NTNC,D1,There are no treatment plants,SACRAMENTO,GW,Neither,NA,NA,NA,NA,NA,NA,NA,NA
CA3400248,FRANKLIN ELEMENTARY SCHOOL,NTNC,D1,T2,SACRAMENTO,GW,Neither,NA,NA,NA,NA,NA,NA,NA,NA
CA3400250,PLEASANT GROVE ELEMENTARY SCHOOL,NTNC,D1,There are no treatment plants,SACRAMENTO,GW,Neither,NA,NA,NA,NA,NA,NA,NA,NA
CA3400251,SIERRA ENTERPRISE ELEMENTARY SCHOOL,NTNC,D1,There are no treatment plants,SACRAMENTO,GW,Neither,NA,NA,NA,NA,NA,NA,NA,NA
CA3400253,COSUMNES RIVER ELEMENTARY SCHOOL,NTNC,D1,There are no treatment plants,SACRAMENTO,GW,Neither,NA,NA,NA,NA,NA,NA,NA,NA
CA3400254,DILLARD ELEMENTARY SCHOOL,NTNC,D2,There are no treatment plants,SACRAMENTO,GW,Neither,NA,NA,NA,NA,NA,NA,NA,NA
CA3400267,BATES ELEMENTARY SCHOOL,NTNC,D1,There are no treatment plants,SACRAMENTO,GW,Neither,NA,NA,NA,NA,NA,NA,NA,NA
CA3400268,WALNUT GROVE ELEMENTARY SCHOOL,NTNC,D1,There are no treatment plants,SACRAMENTO,GW,Neither,NA,NA,NA,NA,NA,NA,NA,NA
CA3400271,ARCOHE ELEM SCHOOL - MAIN CAMPUS,NTNC,D1,There are no treatment plants,SACRAMENTO,GW,Neither,NA,NA,NA,NA,NA,NA,NA,NA
CA3400273,WILTON BIBLE CHURCH,NTNC,D1,There are no treatment plants,SACRAMENTO,GW,Neither,NA,NA,NA,NA,NA,NA,NA,NA
CA3400278,AMERICAN RIVER COLLEGE,NTNC,D2,There are no treatment plants,SACRAMENTO,GW,Neither,NA,NA,NA,NA,NA,NA,NA,NA
CA3400283,VALLEY HI COUNTRY CLUB,NC,NR,There are no treatment plants,SACRAMENTO,GW,Neither,NA,NA,NA,NA,NA,NA,NA,NA
CA3400286,CORDOVA GOLF COURSE,NC,NR,There are no treatment plants,SACRAMENTO,GW,Neither,NA,NA,NA,NA,NA,NA,NA,NA
CA3400296,SAC CITY MOBILE HOME COMMUNITY LP,C,D1,There are no treatment plants,SACRAMENTO,GW,Neither,NA,NA,NA,38.51332843,-121.4330577,FALSE,38.51332843,-121.4330577
CA3400297,GIBSON RANCH COUNTY PARK,NC,NR,There are no treatment plants,SACRAMENTO,GW,Neither,NA,NA,NA,NA,NA,NA,NA,NA
CA3400302,RANCHO SECO PARK,NC,NR,There are no treatment plants,SACRAMENTO,GW,Neither,NA,NA,NA,NA,NA,NA,NA,NA
CA3400303,DELTA BEACH RESORTS [SWS],NC,NR,There are no treatment plants,SACRAMENTO,GW,Neither,NA,NA,NA,NA,NA,NA,NA,NA
CA3400331,WESTERNER MOBILE HOME PARK,C,D1,There are no treatment plants,SACRAMENTO,GW,Neither,NA,NA,NA,38.44918866,-121.4084369,FALSE,38.44918866,-121.4084369
CA3400333,SWABBIES,NC,NR,There are no treatment plants,SACRAMENTO,GW,Neither,NA,NA,NA,NA,NA,NA,NA,NA
CA3400334,COURTLAND BOARDWALK,NC,NR,There are no treatment plants,SACRAMENTO,GW,Neither,NA,NA,NA,NA,NA,NA,NA,NA
CA3400335,HOLIDAY MOBILE VILLAGE,C,D1,There are no treatment plants,SACRAMENTO,GW,Neither,NA,NA,NA,38.48003541,-121.424627,FALSE,38.48003541,-121.424627
CA3400336,BROOKSIDE EQUESTRIAN PARK,NC,NR,There are no treatment plants,SACRAMENTO,GW,Neither,NA,NA,NA,NA,NA,NA,NA,NA
CA3400342,KIEFER LANDFILL [SWS],NTNC,D2,There are no treatment plants,SACRAMENTO,GW,Neither,NA,NA,NA,NA,NA,NA,NA,NA
CA3400356,OWL HARBOR,NC,NR,There are no treatment plants,SACRAMENTO,GW,Neither,NA,NA,NA,NA,NA,NA,NA,NA
CA3400358,"6200 FRANKLIN, LLC (SWS)",NTNC,D1,T2,SACRAMENTO,GW,Neither,NA,NA,NA,NA,NA,NA,NA,NA
CA3400364,JEAN HARVIE SCHOOL [SWS],NTNC,D1,T2,SACRAMENTO,GW,Neither,NA,NA,NA,NA,NA,NA,NA,NA
CA3400374,DUCK ISLAND RV PARK,NC,NR,There are no treatment plants,SACRAMENTO,GW,Neither,NA,NA,NA,NA,NA,NA,NA,NA
CA3400375,SLAVIC MISSIONARY CHURCH INC,NC,NR,There are no treatment plants,SACRAMENTO,GW,Neither,NA,NA,NA,NA,NA,NA,NA,NA
CA3400376,SLOUGHHOUSE INN,NC,NR,There are no treatment plants,SACRAMENTO,GW,Neither,NA,NA,NA,NA,NA,NA,NA,NA
CA3400377,PARK DELTA BAY,NC,NR,T2,SACRAMENTO,GW,Neither,NA,NA,NA,NA,NA,NA,NA,NA
CA3400379,SILVA'S SHELDON INN,NC,NR,There are no treatment plants,SACRAMENTO,GW,Neither,NA,NA,NA,NA,NA,NA,NA,NA
CA3400380,BERT'S DINER,NC,NR,There are no treatment plants,SACRAMENTO,GW,Neither,NA,NA,NA,NA,NA,NA,NA,NA
CA3400382,BRADSHAW RANCH GOLF COURSE INC,NC,NR,There are no treatment plants,SACRAMENTO,GW,Neither,NA,NA,NA,NA,NA,NA,NA,NA
CA3400383,BUILDING TRADES ASSOC,NC,NR,There are no treatment plants,SACRAMENTO,GW,Neither,NA,NA,NA,NA,NA,NA,NA,NA
CA3400393,NORTH RIDGE COUNTRY CLUB,NC,NR,There are no treatment plants,SACRAMENTO,GW,Neither,NA,NA,NA,NA,NA,NA,NA,NA
CA3400394,DELTA SHORES RESORT,NTNC,D1,There are no treatment plants,SACRAMENTO,GW,Neither,NA,NA,NA,NA,NA,NA,NA,NA
CA3400396,TEAL BEND GOLF COURSE,NC,NR,There are no treatment plants,SACRAMENTO,GW,Neither,NA,NA,NA,NA,NA,NA,NA,NA
CA3400397,LAGUNA VILLAGE RV PARK,C,D1,There are no treatment plants,SACRAMENTO,GW,Neither,NA,NA,NA,38.44096143,-121.4042368,FALSE,38.44096143,-121.4042368
CA3400401,PLANTATION MOBILE HOME PARK,C,D1,There are no treatment plants,SACRAMENTO,GW,Neither,NA,NA,NA,38.48741638,-121.4261934,FALSE,38.48741638,-121.4261934
CA3400402,MOORE LEARNING (FORMERLY SHELDON ACRES),NTNC,D1,There are no treatment plants,SACRAMENTO,GW,Neither,NA,NA,NA,NA,NA,NA,NA,NA
CA3400410,SHELDON TRADING POST,NC,NR,There are no treatment plants,SACRAMENTO,GW,Neither,NA,NA,NA,NA,NA,NA,NA,NA
CA3400416,PAPE MACHINERY,NTNC,NR,There are no treatment plants,SACRAMENTO,GW,Neither,NA,NA,NA,NA,NA,NA,NA,NA
CA3400417,GRANT LINE KITCHEN LLC.,NC,NR,There are no treatment plants,SACRAMENTO,GW,Neither,NA,NA,NA,NA,NA,NA,NA,NA
CA3400418,CANNERY LANDING,NC,NR,There are no treatment plants,SACRAMENTO,GW,Neither,NA,NA,NA,NA,NA,NA,NA,NA
CA3400419,HAPPY BAR,NC,NR,T2,SACRAMENTO,GW,Neither,NA,NA,NA,NA,NA,NA,NA,NA
CA3400420,RIO VIENTO RV CAMP [SWS],NC,NR,T2,SACRAMENTO,GW,Neither,NA,NA,NA,NA,NA,NA,NA,NA
CA3400424,JACKSON SHELL (SWS),NC,NR,There are no treatment plants,SACRAMENTO,GW,Neither,NA,NA,NA,NA,NA,NA,NA,NA
CA3400425,SACRAMENTO RENDERING,NTNC,D1,There are no treatment plants,SACRAMENTO,GW,Neither,NA,NA,NA,NA,NA,NA,NA,NA
CA3400428,TRAP THE (SWS),NC,NR,There are no treatment plants,SACRAMENTO,GW,Neither,NA,NA,NA,NA,NA,NA,NA,NA
CA3400429,ADESA OF SACRAMENTO,NTNC,D1,There are no treatment plants,SACRAMENTO,GW,Neither,NA,NA,NA,NA,NA,NA,NA,NA
CA3400432,COSUMNES RIVER PRESERVE VISITOR (BLM),NC,NR,T1,SACRAMENTO,GW,Neither,NA,NA,NA,NA,NA,NA,NA,NA
CA3400433,EDGEWATER MOBILE HOME PARK,C,D1,T2,SACRAMENTO,GW,Neither,NA,NA,NA,38.07456814,-121.7536734,TRUE,38.07456814,-121.7536734
CA3400434,CARSON LANDSCAPE INDUSTRIES,NTNC,D1,There are no treatment plants,SACRAMENTO,GW,Neither,NA,NA,NA,NA,NA,NA,NA,NA
CA3400435,WILTON CHEVRON,NC,NR,There are no treatment plants,SACRAMENTO,GW,Neither,NA,NA,NA,NA,NA,NA,NA,NA
CA3400441,FREEPORT VENTURES,NC,NR,There are no treatment plants,SACRAMENTO,GW,Neither,NA,NA,NA,NA,NA,NA,NA,NA
CA3400443,RICK'S HACIENDA (SWS),NC,NR,There are no treatment plants,SACRAMENTO,GW,Neither,NA,NA,NA,NA,NA,NA,NA,NA
CA3400444,SHERMAN ISLAND MARINA,NC,NR,There are no treatment plants,SACRAMENTO,GW,Neither,NA,NA,NA,NA,NA,NA,NA,NA
CA3400448,SAN ANDREAS RV PARK,NC,NR,There are no treatment plants,SACRAMENTO,GW,Neither,NA,NA,NA,NA,NA,NA,NA,NA
CA3400451,TEICHERT PERKINS,NC,NR,There are no treatment plants,SACRAMENTO,GW,Neither,NA,NA,NA,NA,NA,NA,NA,NA
CA3400452,SILVERADO WATER SYSTEM,NTNC,D1,There are no treatment plants,SACRAMENTO,GW,Neither,NA,NA,NA,NA,NA,NA,NA,NA
CA3400453,"MATSUDA'S BY GREEN ACRES, LLC",NTNC,D1,There are no treatment plants,SACRAMENTO,GW,Neither,NA,NA,NA,NA,NA,NA,NA,NA
CA3400454,VILLAGE BRADSHAW,NTNC,D1,There are no treatment plants,SACRAMENTO,GW,Neither,NA,NA,NA,NA,NA,NA,NA,NA
CA3400455,GRAND ISLAND MANSION,NC,NR,There are no treatment plants,SACRAMENTO,GW,Neither,NA,NA,NA,NA,NA,NA,NA,NA
CA3400456,STAFFORD MEAT COMPANY,NTNC,D1,There are no treatment plants,SACRAMENTO,GW,Neither,NA,NA,NA,NA,NA,NA,NA,NA
CA3400457,FLYING V STATION,NC,NR,There are no treatment plants,SACRAMENTO,GW,Neither,NA,NA,NA,NA,NA,NA,NA,NA
CA3400458,ROMA'S PIZZERIA,NC,NR,There are no treatment plants,SACRAMENTO,GW,Neither,NA,NA,NA,NA,NA,NA,NA,NA
CA3400459,ON THE Y,NC,NR,There are no treatment plants,SACRAMENTO,GW,Neither,NA,NA,NA,NA,NA,NA,NA,NA
CA3400460,CHURCH OF JESUS CHRIST OF LDS (SWS),NC,NR,There are no treatment plants,SACRAMENTO,GW,Neither,NA,NA,NA,NA,NA,NA,NA,NA
CA3400461,DELTA FARMER'S MARKET,NC,NR,There are no treatment plants,SACRAMENTO,GW,Neither,NA,NA,NA,NA,NA,NA,NA,NA
CA3400462,KING'S SKATE COUNTRY,NC,NR,There are no treatment plants,SACRAMENTO,GW,Neither,NA,NA,NA,NA,NA,NA,NA,NA
CA3400463,NATOMAS GOLF CENTER,NC,NR,There are no treatment plants,SACRAMENTO,GW,Neither,NA,NA,NA,NA,NA,NA,NA,NA
CA3400464,"RIVER CITY RECOVERY CENTER, INC. (SWS)",NC,NR,There are no treatment plants,SACRAMENTO,GW,Neither,NA,NA,NA,NA,NA,NA,NA,NA
CA3400465,STS,NC,NR,There are no treatment plants,SACRAMENTO,GW,Neither,NA,NA,NA,NA,NA,NA,NA,NA
CA3400466,SUBWAY SANDWICH,NC,NR,There are no treatment plants,SACRAMENTO,GW,Neither,NA,NA,NA,NA,NA,NA,NA,NA
CA3400467,ST MARIA GORETTI PARISH (SWS),NC,NR,There are no treatment plants,SACRAMENTO,GW,Neither,NA,NA,NA,NA,NA,NA,NA,NA
CA3400469,DILLARD STORE (SWS),NC,NR,There are no treatment plants,SACRAMENTO,GW,Neither,NA,NA,NA,NA,NA,NA,NA,NA
CA3400470,APRO 1966 (SWS),NC,NR,There are no treatment plants,SACRAMENTO,GW,Neither,NA,NA,NA,NA,NA,NA,NA,NA
CA3400471,POINT PLEASANT CHURCH,NC,NR,There are no treatment plants,SACRAMENTO,GW,Neither,NA,NA,NA,NA,NA,NA,NA,NA
CA3400473,METRO AIR PARK WATER SYSTEM,NTNC,D1,There are no treatment plants,SACRAMENTO,SWP,Neither,NA,NA,NA,NA,NA,NA,NA,NA
CA3400474,SCRIBNER BEND VINEYARD,NC,NR,There are no treatment plants,SACRAMENTO,GW,Neither,NA,NA,NA,NA,NA,NA,NA,NA
CA3400475,HEDGE TRAINING FACILITY,NTNC,D1,There are no treatment plants,SACRAMENTO,GW,Neither,NA,NA,NA,NA,NA,NA,NA,NA
CA3400477,LOU'S DRIVE-IN NO.2,NC,NR,There are no treatment plants,SACRAMENTO,GW,Neither,NA,NA,NA,NA,NA,NA,NA,NA
CA3400478,TAQUERIA EL AHIJADO NELO,NC,NR,There are no treatment plants,SACRAMENTO,GW,Neither,NA,NA,NA,NA,NA,NA,NA,NA
CA3410001,SACRAMENTO SUBURBAN WATER DISTRICT,C,D4,T2,SACRAMENTO,SWP,CVP,38.64738312,-121.3702067,NA,38.64896719,-121.3703397,FALSE,38.64896719,-121.3703397
CA3410002,SCWA - ARDEN PARK VISTA,C,D2,T2,SACRAMENTO,GW,Neither,NA,NA,NA,38.58157209,-121.382869,FALSE,38.58157209,-121.382869
CA3410003,GOLDEN STATE WATER CO - ARDEN WATER SERV,C,D2,T1,SACRAMENTO,GW,Neither,NA,NA,NA,38.5923238,-121.3876246,FALSE,38.5923238,-121.3876246
CA3410004,CARMICHAEL WATER DISTRICT,C,D3,T5,SACRAMENTO,GU,Neither,NA,NA,NA,38.62386431,-121.3225901,FALSE,38.62386431,-121.3225901
CA3410005,RANCHO MURIETA COMMUNITY SERVI,C,D2,T3,SACRAMENTO,SW,Neither,NA,NA,NA,38.49905926,-121.0857325,FALSE,38.49905926,-121.0857325
CA3410006,CITRUS HEIGHTS WATER DISTRICT,C,D4,TD,SACRAMENTO,SWP,CVP,38.6940315,-121.2703805,NA,38.69402404,-121.2703839,FALSE,38.69402404,-121.2703839
CA3410007,SSWD - DEL PASO MANOR SERVICE AREA,C,D2,T2,SACRAMENTO,GW,Neither,NA,NA,NA,38.61041176,-121.3731634,FALSE,38.61041176,-121.3731634
CA3410008,ELK GROVE WATER DISTRICT,C,D3,T3,SACRAMENTO,SWP,Neither,NA,NA,NA,38.41775049,-121.3538425,FALSE,38.41775049,-121.3538425
CA3410009,FAIR OAKS WATER DISTRICT,C,D3,TD,SACRAMENTO,SWP,CVP,38.65352369,-121.2496606,NA,38.65343461,-121.2496194,FALSE,38.65343461,-121.2496194
CA3410010,CAL AM - SUBURBAN ROSEMONT,C,D4,T2,SACRAMENTO,SWP,CVP,38.55544192,-121.3406016,NA,38.55461572,-121.3413884,FALSE,38.55461572,-121.3413884
CA3410011,"GALT, CITY OF",C,D3,T2,SACRAMENTO,GW,Neither,NA,NA,NA,38.2644824,-121.3004703,FALSE,38.2644824,-121.3004703
CA3410012,CAL AM - ISLETON,C,D2,T2,SACRAMENTO,GW,Neither,NA,NA,NA,38.16314642,-121.6005318,TRUE,38.16314642,-121.6005318
CA3410013,CAL AM - LINCOLN OAKS,C,D3,T2,SACRAMENTO,SWP,CVP,38.69382191,-121.3182968,NA,38.69431847,-121.3180203,FALSE,38.69431847,-121.3180203
CA3410014,"FOLSOM, CITY OF - MAIN",C,D4,T5,SACRAMENTO,SW,CVP,38.6439268,-121.1549122,NA,38.6440483,-121.1672154,FALSE,38.6440483,-121.1672154
CA3410015,GOLDEN STATE WATER CO. - CORDOVA,C,D3,T4,SACRAMENTO,SW,Neither,NA,NA,NA,38.60516499,-121.2754231,FALSE,38.60516499,-121.2754231
CA3410016,ORANGE VALE WATER COMPANY,C,D3,There are no treatment plants,SACRAMENTO,SWP,CVP,38.68482932,-121.221233,NA,38.68482809,-121.2212334,FALSE,38.68482809,-121.2212334
CA3410017,CAL AM - PARKWAY,C,D3,T3,SACRAMENTO,SWP,CVP,38.47817034,-121.410076,NA,38.47765147,-121.4104642,FALSE,38.47765147,-121.4104642
CA3410018,RIO LINDA/ELVERTA COMMUNITY WATER DIST,C,D3,T1,SACRAMENTO,GW,Neither,NA,NA,NA,38.69969127,-121.4476779,FALSE,38.69969127,-121.4476779
CA3410020,CITY OF SACRAMENTO MAIN,C,D4,T5,SACRAMENTO,SW,Neither,NA,NA,NA,38.56470836,-121.4677996,TRUE,38.56470836,-121.4677996
CA3410021,SAN JUAN WATER DISTRICT,C,D4,T5,SACRAMENTO,SW,CVP,38.73124949,-121.1962412,NA,38.73048543,-121.1952184,FALSE,38.73048543,-121.1952184
CA3410022,OLYMPIA MOBILODGE,C,D1,There are no treatment plants,SACRAMENTO,GW,Neither,NA,NA,NA,38.48356009,-121.4168351,FALSE,38.48356009,-121.4168351
CA3410023,CAL AM - FRUITRIDGE VISTA,C,D3,T2,SACRAMENTO,SWP,Neither,NA,NA,NA,38.51120106,-121.4576516,FALSE,38.51120106,-121.4576516
CA3410026,CALIFORNIA STATE FAIR,C,D1,TD,SACRAMENTO,GW,Neither,NA,NA,NA,38.59203593,-121.4304244,FALSE,38.59203593,-121.4304244
CA3410027,CAL AM - SECURITY PARK,NTNC,D1,T1,SACRAMENTO,SWP,Neither,NA,NA,NA,NA,NA,NA,NA,NA
CA3410029,SCWA - LAGUNA/VINEYARD,C,D5,T5,SACRAMENTO,SW,Neither,NA,NA,NA,38.42011758,-121.4021206,TRUE,38.42011758,-121.4021206
CA3410030,"FOLSOM, CITY OF - ASHLAND",C,D2,There are no treatment plants,SACRAMENTO,SWP,CVP,38.69935035,-121.1735847,NA,38.69934826,-121.1735851,FALSE,38.69934826,-121.1735851
CA3410031,CAL AM - ANTELOPE,C,D3,T2,SACRAMENTO,SWP,CVP,38.71628387,-121.3829763,NA,38.71750518,-121.3856231,FALSE,38.71750518,-121.3856231
CA3410032,FOLSOM STATE PRISON,C,D2,T3,SACRAMENTO,SW,CVP,38.69457303,-121.1565949,NA,38.69450796,-121.1562127,FALSE,38.69450796,-121.1562127
CA3410033,FLORIN COUNTY WATER DISTRICT,C,D2,T1,SACRAMENTO,GW,Neither,NA,NA,NA,38.49150327,-121.3948923,FALSE,38.49150327,-121.3948923
CA3410035,LIGHTHOUSE MARINA RESTAURANT & RESORT,NC,NR,T2,SACRAMENTO,GW,Neither,NA,NA,NA,NA,NA,NA,NA,NA
CA3410045,CAL AM - ARDEN,C,D2,T1,SACRAMENTO,SWP,SWP,38.6532508,-121.4254809,NA,38.59335552,-121.4101812,FALSE,38.59335552,-121.4101812
CA3410047,CAL AM - WALNUT GROVE,C,D1,T2,SACRAMENTO,GW,Neither,NA,NA,NA,38.2413915,-121.5113411,TRUE,38.2413915,-121.5113411
CA3410301,FOLSOM LAKE SRA - MISSISSIPPI BAR,NC,D1,There are no treatment plants,SACRAMENTO,GW,Neither,NA,NA,NA,NA,NA,NA,NA,NA
CA3410302,BRANNAN ISLAND STATE REC. AREA,NC,D1,T1,SACRAMENTO,GW,Neither,NA,NA,NA,NA,NA,NA,NA,NA
CA3410303,PRAIRIE CITY SVRA,NC,D1,T1,SACRAMENTO,GW,Neither,NA,NA,NA,NA,NA,NA,NA,NA
CA3410704,SCWA MATHER-SUNRISE,C,D3,T2,SACRAMENTO,SWP,SWP,38.5516096,-121.3364783,NA,38.54985942,-121.2505611,FALSE,38.54985942,-121.2505611
CA3410802,RICHARD A. MCGEE TRAINING CENTER,NTNC,D1,T2,SACRAMENTO,GW,Neither,NA,NA,NA,NA,NA,NA,NA,NA
CA3490001,SACRAMENTO REGIONAL COUNTY SAN. DISTRICT,NP,NA,There are no treatment plants,SACRAMENTO,NA,NA,NA,NA,NA,NA,NA,NA,NA,NA
CA3490002,RANCHO MURIETA COMMUNITY SERVICE DISTRIC,NP,NA,There are no treatment plants,SACRAMENTO,NA,NA,NA,NA,NA,NA,NA,NA,NA,NA
CA3490003,SACRAMENTO CO. AIRPORT - RECYC WATER,NP,NA,There are no treatment plants,SACRAMENTO,NA,NA,NA,NA,NA,NA,NA,NA,NA,NA
CA3490004,CITY OF GALT WW TREATMENT PLANT,NP,NA,There are no treatment plants,SACRAMENTO,NA,NA,NA,NA,NA,NA,NA,NA,NA,NA
NA,NA,NA,NA,NA,NA,NA,NA,NA,NA,NA,NA,NA,NA,NA,NA
CA5700504,AMERICAS BEST VALUE INN,NC,NR,There are no treatment plants,YOLO,GW,Neither,NA,NA,NA,NA,NA,NA,NA,NA
CA5700506,ROAD TRIP BAR & GRILL,NC,NR,There are no treatment plants,YOLO,GW,Neither,NA,NA,NA,NA,NA,NA,NA,NA
CA5700508,OLD SUGAR MILL WINERY,NTNC,D1,T1,YOLO,GW,Neither,NA,NA,NA,NA,NA,NA,NA,NA
CA5700509,CLARKSBURG MIDDLE SCHOOL,NTNC,D1,TD,YOLO,GW,Neither,NA,NA,NA,NA,NA,NA,NA,NA
CA5700510,DELTA HIGH SCHOOL,NTNC,D1,There are no treatment plants,YOLO,GW,Neither,NA,NA,NA,NA,NA,NA,NA,NA
CA5700514,BOGLE FAMILY LIMITED PARTNER,NTNC,D1,T1,YOLO,GW,Neither,NA,NA,NA,NA,NA,NA,NA,NA
CA5700516,HERINGER ESTATES WINERY,NC,NR,There are no treatment plants,YOLO,GW,Neither,NA,NA,NA,NA,NA,NA,NA,NA
CA5700518,CASA RUIZ,NC,NR,T1,YOLO,GW,Neither,NA,NA,NA,NA,NA,NA,NA,NA
CA5700521,HOLLAND MARKET,NC,NR,There are no treatment plants,YOLO,GW,Neither,NA,NA,NA,NA,NA,NA,NA,NA
CA5700522,MINER'S LEAP WINERY,NC,NR,There are no treatment plants,YOLO,GW,Neither,NA,NA,NA,NA,NA,NA,NA,NA
CA5700523,BOGLE VINEYARDS TASTING ROOM,NTNC,NR,There are no treatment plants,YOLO,GW,Neither,NA,NA,NA,NA,NA,NA,NA,NA
CA5700528,ST JOSEPH'S CHURCH,NC,NR,There are no treatment plants,YOLO,GW,Neither,NA,NA,NA,NA,NA,NA,NA,NA
CA5700532,YOLO BYPASS WILDLIFE AREA,NC,NR,There are no treatment plants,YOLO,GW,Neither,NA,NA,NA,NA,NA,NA,NA,NA
CA5700537,HARRIS MORAN SEED COMPANY - WATER,NTNC,D1,T1,YOLO,GW,Neither,NA,NA,NA,NA,NA,NA,NA,NA
CA5700539,DAVIS MIGRANT CENTER (CIUDAD DEL SOL),NTNC,D1,TD,YOLO,GW,Neither,NA,NA,NA,NA,NA,NA,NA,NA
CA5700542,TEICHERT CONSTRUCTION,NTNC,D1,TD,YOLO,GW,Neither,NA,NA,NA,NA,NA,NA,NA,NA
CA5700543,YOLO FRUIT STAND - WATER,NC,NR,There are no treatment plants,YOLO,GW,Neither,NA,NA,NA,NA,NA,NA,NA,NA
CA5700552,PILOT TRAVEL CENTER #168 - WATER,NTNC,D1,T1,YOLO,GW,Neither,NA,NA,NA,NA,NA,NA,NA,NA
CA5700554,CAMPERS INN - RV & GOLF COURSE,C,D1,TD,YOLO,GW,Neither,NA,NA,NA,38.90405311,-121.9881629,FALSE,38.90405311,-121.9881629
CA5700555,BONFIRE VILLAGE HOTEL,C,NR,There are no treatment plants,YOLO,GW,Neither,NA,NA,NA,NA,NA,NA,NA,NA
CA5700556,CALTRANS-DUNIGAN RS,NC,D1,T1,YOLO,GW,Neither,NA,NA,NA,NA,NA,NA,NA,NA
CA5700558,EXCEL GAS AND MARKET,NC,NR,T1,YOLO,GW,Neither,NA,NA,NA,NA,NA,NA,NA,NA
CA5700562,JACK IN THE BOX #3465,NC,NR,There are no treatment plants,YOLO,GW,Neither,NA,NA,NA,NA,NA,NA,NA,NA
CA5700568,RRG GARDEN FARMING OPERATIONS,NC,NR,There are no treatment plants,YOLO,GW,Neither,NA,NA,NA,NA,NA,NA,NA,NA
CA5700571,MADISON SERVICE DIST,C,D1,TD,YOLO,GW,Neither,NA,NA,NA,38.67998113,-121.9704936,FALSE,38.67998113,-121.9704936
CA5700584,SACWEST RV PARK AND CAMPGROUND,NC,NR,TD,YOLO,GW,Neither,NA,NA,NA,NA,NA,NA,NA,NA
CA5700588,SACRAMENTO YACHT CLUB,NC,NR,There are no treatment plants,YOLO,GW,Neither,NA,NA,NA,NA,NA,NA,NA,NA
CA5700597,HUSICKS,NC,NR,There are no treatment plants,YOLO,GW,Neither,NA,NA,NA,NA,NA,NA,NA,NA
CA5700598,SILT WINE COMPANY,NC,NR,There are no treatment plants,YOLO,GW,Neither,NA,NA,NA,NA,NA,NA,NA,NA
CA5700608,CANYON CREEK RESORT,NC,D1,T3,YOLO,SW,Neither,38.5154919,-122.0938957,NA,NA,NA,NA,38.5154919,-122.0938957
CA5700615,YOLO CO HOUSING AUTHORITY-EL RIO VILLA,C,D1,TD,YOLO,GW,Neither,NA,NA,NA,38.53354122,-121.9447527,FALSE,38.53354122,-121.9447527
CA5700616,INN AT PARK WINTERS,NC,NR,There are no treatment plants,YOLO,GW,Neither,NA,NA,NA,NA,NA,NA,NA,NA
CA5700617,MARIANI NUT COMPANY - BUCKEYE RD,NTNC,D1,T1,YOLO,GW,Neither,NA,NA,NA,NA,NA,NA,NA,NA
CA5700618,BERRYESSA BREWING COMPANY,NC,NR,T1,YOLO,GW,Neither,NA,NA,NA,NA,NA,NA,NA,NA
CA5700623,DAVIS JUSD - FAIRFIELD SCHOOL,NTNC,D1,There are no treatment plants,YOLO,GW,Neither,NA,NA,NA,NA,NA,NA,NA,NA
CA5700636,PACIFIC COAST PRODUCERS,NC,D1,TD,YOLO,GW,Neither,NA,NA,NA,NA,NA,NA,NA,NA
CA5700643,PLAINFIELD ELEM SCHOOL - WATER,NTNC,D1,TD,YOLO,GW,Neither,NA,NA,NA,NA,NA,NA,NA,NA
CA5700652,YOLO FLIERS CLUB,NTNC,D1,TD,YOLO,GW,Neither,NA,NA,NA,NA,NA,NA,NA,NA
CA5700653,YOLO SPORTSMEN'S ASSOC,NC,NR,There are no treatment plants,YOLO,GW,Neither,NA,NA,NA,NA,NA,NA,NA,NA
CA5700700,CACHEVILLE SERVICE DIST,C,D1,TD,YOLO,GW,Neither,NA,NA,NA,38.73287655,-121.8105236,FALSE,38.73287655,-121.8105236
CA5700701,FIRST BAPTIST CHURCH,NC,NR,There are no treatment plants,YOLO,GW,Neither,NA,NA,NA,NA,NA,NA,NA,NA
CA5700707,ROLLING ACRES MUTUAL WATER COMPANY,C,D1,There are no treatment plants,YOLO,GW,Neither,NA,NA,NA,38.57461648,-121.8428714,FALSE,38.57461648,-121.8428714
CA5700712,CAL AM - DUNNIGAN,C,D1,T1,YOLO,GW,Neither,NA,NA,NA,38.88205991,-121.9645524,FALSE,38.88205991,-121.9645524
CA5700713,CACHE CREEK CANYON-MIDDLE SITE,NC,D1,TD,YOLO,GW,Neither,NA,NA,NA,NA,NA,NA,NA,NA
CA5700714,YOLO CO AIRPORT,NTNC,D1,TD,YOLO,GW,Neither,NA,NA,NA,NA,NA,NA,NA,NA
CA5700728,RUSTIC BAR-B-Q,NC,NR,There are no treatment plants,YOLO,GW,Neither,NA,NA,NA,NA,NA,NA,NA,NA
CA5700729,CEJA-REYES INC,NC,NR,There are no treatment plants,YOLO,GW,Neither,NA,NA,NA,NA,NA,NA,NA,NA
CA5700730,CREW WINE COMPANY,NTNC,D1,There are no treatment plants,YOLO,GW,Neither,NA,NA,NA,NA,NA,NA,NA,NA
CA5700734,DOLLAR GENERAL STORE #16171,NC,NR,There are no treatment plants,YOLO,GW,Neither,NA,NA,NA,NA,NA,NA,NA,NA
CA5700737,CAPAY OPEN SPACE PARK,NC,NR,There are no treatment plants,YOLO,GW,Neither,NA,NA,NA,NA,NA,NA,NA,NA
CA5700741,UNITED TRAVEL PLAZA,NC,NR,There are no treatment plants,YOLO,GW,Neither,NA,NA,NA,NA,NA,NA,NA,NA
CA5700744,TABER RANCH EVENT CENTER & VINEYARD,NC,NR,There are no treatment plants,YOLO,GW,Neither,NA,NA,NA,NA,NA,NA,NA,NA
CA5700748,FULL BELLY FARM,NTNC,D1,There are no treatment plants,YOLO,GW,Neither,NA,NA,NA,NA,NA,NA,NA,NA
CA5700751,DUNNIGAN CHEVRON,NC,NR,There are no treatment plants,YOLO,GW,Neither,NA,NA,NA,NA,NA,NA,NA,NA
CA5700754,THE MAPLES,NTNC,D1,Operator is not required,YOLO,GW,Neither,NA,NA,NA,NA,NA,NA,NA,NA
CA5700757,GRASSLAND PARK HOST WELL (OLD YOLO BOWME,NC,NR,There are no treatment plants,YOLO,GW,Neither,NA,NA,NA,NA,NA,NA,NA,NA
CA5700758,SAKATA SEED WOODLAND STATION,NTNC,D1,TD,YOLO,GW,Neither,NA,NA,NA,NA,NA,NA,NA,NA
CA5700761,CLARK PACIFIC - CR 18C,NTNC,D1,T1,YOLO,GW,Neither,NA,NA,NA,NA,NA,NA,NA,NA
CA5700763,ELKHORN REGIONAL PARK,NC,NR,There are no treatment plants,YOLO,GW,Neither,NA,NA,NA,NA,NA,NA,NA,NA
CA5700764,SYNGENTA SEEDS LLC,NTNC,D1,T1,YOLO,GW,Neither,NA,NA,NA,NA,NA,NA,NA,NA
CA5700768,WILBUR-ELLIS COMPANY LLC,NTNC,D1,T1,YOLO,GW,Neither,NA,NA,NA,NA,NA,NA,NA,NA
CA5700773,UNITARIAN CHURCH OF DAVIS,NTNC,D1,There are no treatment plants,YOLO,GW,Neither,NA,NA,NA,NA,NA,NA,NA,NA
CA5700774,SHERWOOD HARBOR MARINA,NC,NR,There are no treatment plants,YOLO,GW,Neither,NA,NA,NA,NA,NA,NA,NA,NA
CA5700778,YOLO CO CENTRAL LANDFILL,NTNC,D1,T1,YOLO,GW,Neither,NA,NA,NA,NA,NA,NA,NA,NA
CA5700784,GRACE VALLEY CHRISTIAN CENTER,NTNC,D1,There are no treatment plants,YOLO,GW,Neither,NA,NA,NA,NA,NA,NA,NA,NA
CA5700785,BAYER RESEARCH AND DEVELOPMENT LLC,NTNC,D1,T1,YOLO,GW,Neither,NA,NA,NA,NA,NA,NA,NA,NA
CA5700788,NORTH DAVIS MEADOWS,C,D1,TD,YOLO,GW,Neither,NA,NA,NA,38.58670718,-121.7741563,FALSE,38.58670718,-121.7741563
CA5700791,STAN'S YOLO MARINA,NC,NR,There are no treatment plants,YOLO,GW,Neither,NA,NA,NA,NA,NA,NA,NA,NA
CA5700795,HAY KINGDOM,NTNC,D1,T1,YOLO,GW,Neither,NA,NA,NA,NA,NA,NA,NA,NA
CA5700797,MONROE/LEINBERGER CNTR - WATERS,C,D1,TD,YOLO,GW,Neither,NA,NA,NA,38.66047917,-121.7308162,FALSE,38.66047917,-121.7308162
CA5700798,PAVESTONE,NTNC,D1,There are no treatment plants,YOLO,GW,Neither,NA,NA,NA,NA,NA,NA,NA,NA
CA5700802,NELSON'S GROVE,NC,NR,T1,YOLO,GW,Neither,NA,NA,NA,NA,NA,NA,NA,NA
CA5700804,CLARKSBURG COMM CHURCH,NTNC,D1,There are no treatment plants,YOLO,GW,Neither,NA,NA,NA,NA,NA,NA,NA,NA
CA5700815,ZAMORA SHELL & MINI MART,NC,NR,There are no treatment plants,YOLO,GW,Neither,NA,NA,NA,NA,NA,NA,NA,NA
CA5700816,WEST VALLEY BAPTIST CHURCH,NTNC,D1,There are no treatment plants,YOLO,GW,Neither,NA,NA,NA,NA,NA,NA,NA,NA
CA5700817,JEHOVAH'S WITNESSES - KINGDOM HALL,NC,NR,T1,YOLO,GW,Neither,NA,NA,NA,NA,NA,NA,NA,NA
CA5700820,JEHOVAH'S WITNESSES - SOUTHPORT,NC,NR,There are no treatment plants,YOLO,GW,Neither,NA,NA,NA,NA,NA,NA,NA,NA
CA5700821,JEHOVAH'S WITNESSES - DAVIS,NC,NR,T1,YOLO,GW,Neither,NA,NA,NA,NA,NA,NA,NA,NA
CA5700827,PIONEER HI-BRED INTERNATIONAL,NTNC,D1,T1,YOLO,GW,Neither,NA,NA,NA,NA,NA,NA,NA,NA
CA5710001,CITY OF DAVIS,C,D4,T2,YOLO,SWP,CVP,38.55414414,-121.7332599,NA,38.55661041,-121.7354324,FALSE,38.55661041,-121.7354324
CA5710003,CITY OF WEST SACRAMENTO,C,D4,T5,YOLO,SW,CVP,38.55558581,-121.5494918,NA,38.5783207,-121.54408,TRUE,38.5783207,-121.54408
CA5710004,KNIGHTS LANDING SVC. DIST.,C,D2,TD,YOLO,GW,Neither,NA,NA,NA,38.79743813,-121.7217709,FALSE,38.79743813,-121.7217709
CA5710005,CITY OF WINTERS,C,D2,TD,YOLO,GW,Neither,NA,NA,NA,38.52739787,-121.9770813,FALSE,38.52739787,-121.9770813
CA5710006,CITY OF WOODLAND,C,D4,T1,YOLO,SWP,CVP,38.67102542,-121.7479673,NA,38.67642863,-121.7649453,FALSE,38.67642863,-121.7649453
CA5710007,ESPARTO C.S.D.,C,D2,T1,YOLO,GW,Neither,NA,NA,NA,38.6943997,-122.0204286,FALSE,38.6943997,-122.0204286
CA5710009,UC - DAVIS,C,D3,TD,YOLO,SWP,CVP,38.53405186,-121.7764055,NA,38.53404962,-121.7764189,FALSE,38.53404962,-121.7764189
CA5710011,WILD WINGS GOLF COMMUNITY,C,D2,T1,YOLO,GW,Neither,NA,NA,NA,38.67736302,-121.8780762,FALSE,38.67736302,-121.8780762
CA5710012,WOODLAND-DAVIS CLEAN WATER AGENCY,C,NR,T5,YOLO,SW,CVP,38.66760354,-121.7186191,NA,NA,NA,NA,38.66760354,-121.7186191
CA5710013,IHS NOR CAL YOUTH TRMNT CTR(SACRED OAKS),NTNC,D1,T1,YOLO,GW,Neither,NA,NA,NA,NA,NA,NA,NA,NA
CA5790001,UC - DAVIS,NP,D1,There are no treatment plants,YOLO,NA,NA,NA,NA,NA,NA,NA,NA,NA,NA
CA5790002,WILD WINGS WASTEWATER RECYCLING FACILITY,NP,D1,There are no treatment plants,YOLO,NA,NA,NA,NA,NA,NA,NA,NA,NA,NA
CA5790003,CACHE CREEK RESORT,NP,D1,There are no treatment plants,YOLO,NA,NA,NA,NA,NA,NA,NA,NA,NA,NA
CA5790004,"DAVIS WWTP, CITY OF - RECYCLED",NP,NA,There are no treatment plants,YOLO,SW,Neither,NA,NA,NA,NA,NA,NA,NA,NA
CA5790006,CITY OF WOODLAND WASTEWATER TREATMENT,NP,NA,There are no treatment plants,YOLO,NA,NA,NA,NA,NA,NA,NA,NA,NA,NA
NA,NA,NA,NA,NA,NA,NA,NA,NA,NA,NA,NA,NA,NA,NA,NA
CA4800531,VACA VILLA APARTMENTS,C,D1,TD,SOLANO,GW,Neither,NA,NA,NA,38.34304372,-122.0021992,FALSE,38.34304372,-122.0021992
CA4800561,SNUG HARBOR RV LP,C,D1,T1,SOLANO,GW,Neither,NA,NA,NA,38.1982983,-121.6146025,TRUE,38.1982983,-121.6146025
CA4800564,HIDDEN ACRES TRAILER VILLA,C,D1,TD,SOLANO,GW,Neither,NA,NA,NA,38.36748776,-122.0107527,FALSE,38.36748776,-122.0107527
CA4800589,CRESTA MESA PARQUE,C,D1,There are no treatment plants,SOLANO,GW,Neither,NA,NA,NA,38.25272473,-122.1460388,FALSE,38.25272473,-122.1460388
CA4800595,"MARIANI PACKING COMPANY, INC.",NTNC,D1,TD,SOLANO,GW,Neither,NA,NA,NA,NA,NA,NA,NA,NA
CA4800596,ROCKWELL COLLINS INC. (FKA UPCO-UTAS),NTNC,D1,TD,SOLANO,GW,Neither,NA,NA,NA,NA,NA,NA,NA,NA
CA4800612,HASTINGS ISLAND HUNTING PRESERVE,NC,NR,There are no treatment plants,SOLANO,GW,Neither,NA,NA,NA,NA,NA,NA,NA,NA
CA4800615,SUPERIOR PACKING CO,NTNC,D1,There are no treatment plants,SOLANO,GW,Neither,NA,NA,NA,NA,NA,NA,NA,NA
CA4800651,LAKE SOLANO PARK,NC,NR,TD,SOLANO,GW,Neither,NA,NA,NA,NA,NA,NA,NA,NA
CA4800695,MOOSE LODGE 1967,NC,NR,T2,SOLANO,SW,Neither,38.3768855,-121.9973002,NA,NA,NA,NA,38.3768855,-121.9973002
CA4800727,CAMPBELL SOUP DIXON,NTNC,D1,There are no treatment plants,SOLANO,GW,Neither,NA,NA,NA,NA,NA,NA,NA,NA
CA4800732,DIXON 76,NC,NR,T2,SOLANO,GW,Neither,NA,NA,NA,NA,NA,NA,NA,NA
CA4800753,VINEYARD RV PARK,C,D1,T1,SOLANO,GW,Neither,NA,NA,NA,38.41873684,-121.9355554,FALSE,38.41873684,-121.9355554
CA4800755,MIDWAY RV PARK,NC,NR,There are no treatment plants,SOLANO,GW,Neither,NA,NA,NA,NA,NA,NA,NA,NA
CA4800767,STOCKING RANCH DEEPWELL,NTNC,D1,TD,SOLANO,GW,Neither,NA,NA,NA,NA,NA,NA,NA,NA
CA4800773,PUNJABI DHABA,NC,NR,TD,SOLANO,GW,Neither,NA,NA,NA,NA,NA,NA,NA,NA
CA4800781,HUNTER HILL SAFETY ROADSIDE REST AREA,NC,NR,TD,SOLANO,GW,Neither,NA,NA,NA,NA,NA,NA,NA,NA
CA4800784,WOODEN VALLEY WINERY,NC,D1,There are no treatment plants,SOLANO,GW,Neither,NA,NA,NA,NA,NA,NA,NA,NA
CA4800786,MIDWAY FOODS,NC,NR,There are no treatment plants,SOLANO,GW,Neither,NA,NA,NA,NA,NA,NA,NA,NA
CA4800797,BIRDS LANDING HUNTING PRESERVE,NC,NR,There are no treatment plants,SOLANO,GW,Neither,NA,NA,NA,NA,NA,NA,NA,NA
CA4800801,NEIL'S SERVICE CENTER,NTNC,D1,T1,SOLANO,GW,Neither,NA,NA,NA,NA,NA,NA,NA,NA
CA4800804,DIXON MIGRANT CENTER,NTNC,D1,TD,SOLANO,GW,Neither,NA,NA,NA,NA,NA,NA,NA,NA
CA4800807,SELF-SERVE PETROLEUM,NC,NR,TD,SOLANO,GW,Neither,NA,NA,NA,NA,NA,NA,NA,NA
CA4800809,VALLEY EVANGELICAL FREE CHURCH,NC,NR,T2,SOLANO,GW,Neither,NA,NA,NA,NA,NA,NA,NA,NA
CA4800812,WEST WIND WINERY,NC,NR,There are no treatment plants,SOLANO,GW,Neither,NA,NA,NA,NA,NA,NA,NA,NA
CA4800818,PEDRICK PRODUCE,NC,NR,T2,SOLANO,GW,Neither,NA,NA,NA,NA,NA,NA,NA,NA
CA4800820,EB STONE,NTNC,NR,There are no treatment plants,SOLANO,GW,Neither,NA,NA,NA,NA,NA,NA,NA,NA
CA4800826,VACA-DIXON SUBSTATION,NTNC,D1,TD,SOLANO,GW,Neither,NA,NA,NA,NA,NA,NA,NA,NA
CA4810001,CITY OF BENICIA,C,D3,T4,SOLANO,SW,SWP,38.07240308,-122.152537,NA,38.07239728,-122.1525362,FALSE,38.07239728,-122.1525362
CA4810002,CALIFORNIA WATER SERVICE CO. - DIXON,C,D2,T2,SOLANO,GW,Neither,NA,NA,NA,38.44636616,-121.8261054,FALSE,38.44636616,-121.8261054
CA4810003,CITY OF FAIRFIELD,C,D4,T5,SOLANO,SW,SWP,38.25691747,-122.0543405,NA,38.25698352,-122.063163,FALSE,38.25698352,-122.063163
CA4810004,CITY OF RIO VISTA,C,D3,T2,SOLANO,GW,Neither,NA,NA,NA,38.17716103,-121.7031716,TRUE,38.17716103,-121.7031716
CA4810005,SUISUN-SOLANO WATER AUTHORITY,C,D4,T4,SOLANO,SW,Neither,NA,NA,NA,38.24899569,-122.0059753,FALSE,38.24899569,-122.0059753
CA4810007,CITY OF VALLEJO,C,D5,T5,SOLANO,SW,SWP,38.11411518,-122.2350559,NA,38.11411859,-122.2350799,FALSE,38.11411859,-122.2350799
CA4810008,CITY OF VACAVILLE,C,D5,T4,SOLANO,SW,SWP,38.35970578,-121.9679379,NA,38.36052841,-121.9699626,FALSE,38.36052841,-121.9699626
CA4810009,CITY OF DIXON,C,D3,T1,SOLANO,GW,Neither,NA,NA,NA,38.45556996,-121.8274708,FALSE,38.45556996,-121.8274708
CA4810010,SID - GIBSON CANYON,C,D1,T3,SOLANO,SW,Neither,38.3823663,-122.0041316,NA,38.39043324,-122.0058794,FALSE,38.39043324,-122.0058794
CA4810011,SID - ELMIRA,C,D1,TD,SOLANO,GW,Neither,NA,NA,NA,38.34823756,-121.9082023,FALSE,38.34823756,-121.9082023
CA4810012,SID - QUAIL CANYON,C,D1,TD,SOLANO,GW,Neither,NA,NA,NA,38.48090021,-122.0498194,FALSE,38.48090021,-122.0498194
CA4810013,RURAL NORTH VACAVILLE WATER DISTRICT,C,D1,T2,SOLANO,GW,Neither,NA,NA,NA,38.42273358,-122.0074788,FALSE,38.42273358,-122.0074788
CA4810015,TRAVIS AFB WTP - VALLEJO,C,NR,T3,SOLANO,SW,Neither,38.1378317,-122.2423477,NA,NA,NA,NA,38.1378317,-122.2423477
CA4810017,WESTERN RAILWAY MUSEUM,NC,NR,There are no treatment plants,SOLANO,GW,Neither,NA,NA,NA,NA,NA,NA,NA,NA
CA4810018,VACAVILLE SEVENTH DAY ADVENTIST CHURCH,NTNC,D1,There are no treatment plants,SOLANO,GW,Neither,NA,NA,NA,NA,NA,NA,NA,NA
CA4810019,NORTHBAY LOGISTICS CENTER FKA SAVEMART,NTNC,D1,TD,SOLANO,GW,Neither,NA,NA,NA,NA,NA,NA,NA,NA
CA4810020,HINES NURSERIES WINTERS NORTH,NTNC,D1,TD,SOLANO,GW,Neither,NA,NA,NA,NA,NA,NA,NA,NA
CA4810021,CITY OF VALLEJO-LAKES SYSTEM,C,D2,T3,SOLANO,SW,SWP,38.1151181,-122.2340023,NA,38.13015754,-122.2493255,FALSE,38.13015754,-122.2493255
CA4810023,NEIL'S SERVICE CENTER II,NC,NR,TD,SOLANO,GW,Neither,NA,NA,NA,NA,NA,NA,NA,NA
CA4810024,SID - BLUE RIDGE OAKS,C,D1,There are no treatment plants,SOLANO,SWP,SWP,38.31496141,-122.0386348,NA,38.31496034,-122.0386346,FALSE,38.31496034,-122.0386346
CA4810025,SID - PLEASANT HILLS RANCH,C,D1,T2,SOLANO,SW,Neither,NA,NA,NA,38.40288183,-122.0471111,FALSE,38.40288183,-122.0471111
CA4810026,SID - PEABODY,C,D1,There are no treatment plants,SOLANO,SWP,SWP,38.29751074,-121.9780417,NA,38.2975104,-121.978042,FALSE,38.2975104,-121.978042
CA4810030,HARRIS MORAN SEED COMPANY,NTNC,D1,TD,SOLANO,GW,Neither,NA,NA,NA,NA,NA,NA,NA,NA
CA4810033,HINES NURSERY WINTERS SOUTH,NTNC,D1,T2,SOLANO,GW,Neither,NA,NA,NA,NA,NA,NA,NA,NA
CA4810034,GILL SIDHU CHEVRON,NC,NR,T1,SOLANO,GW,Neither,NA,NA,NA,NA,NA,NA,NA,NA
CA4810035,RUSH RANCH OPEN SPACE,NC,NR,T1,SOLANO,GW,Neither,NA,NA,NA,NA,NA,NA,NA,NA
CA4810036,CONNECTION POINT CHURCH,NC,D1,There are no treatment plants,SOLANO,GW,Neither,NA,NA,NA,NA,NA,NA,NA,NA
CA4810038,CAYMUS CORDELIA WINERY,NTNC,D1,TD,SOLANO,GW,Neither,NA,NA,NA,NA,NA,NA,NA,NA
CA4810040,EASTERLY WWTP - VACAVILLE,NTNC,D1,There are no treatment plants,SOLANO,GW,Neither,NA,NA,NA,NA,NA,NA,NA,NA
CA4810042,BLUE VICTORIAN WINERY,NC,NR,TD,SOLANO,GW,Neither,NA,NA,NA,NA,NA,NA,NA,NA
CA4810043,GOTHAM GREENS,NTNC,D1,T2,SOLANO,GW,Neither,NA,NA,NA,NA,NA,NA,NA,NA
CA4810045,MIDWAY STARS 76 GAS STATION & FOOD MART,NC,D1,There are no treatment plants,SOLANO,GW,Neither,NA,NA,NA,NA,NA,NA,NA,NA
CA4810701,CALIFORNIA WATER SERVICE CO.-TRAVIS AFB,C,D2,T1,SOLANO,SWP,SWP,38.26729898,-121.9420936,NA,38.26281765,-121.9444945,FALSE,38.26281765,-121.9444945
CA4810800,CALIFORNIA STATE PRISON - SOLANO,C,D2,T3,SOLANO,SW,SWP,38.32108935,-121.9752046,NA,38.32108921,-121.9752046,FALSE,38.32108921,-121.9752046
CA4810801,DELTA CONSERVATION CAMP,C,D1,TD,SOLANO,GW,Neither,NA,NA,NA,38.21749364,-121.8473868,FALSE,38.21749364,-121.8473868
CA4890001,FAIRFIELD-SUISUN SEWER DISTRICT,NP,NA,There are no treatment plants,SOLANO,NA,NA,NA,NA,NA,NA,NA,NA,NA,NA
CA4890003,CITY OF BENICIA,NP,NA,There are no treatment plants,SOLANO,NA,NA,NA,NA,NA,NA,NA,NA,NA,NA
CA4890004,CITY OF RIO VISTA - RECLAIMATION,NP,NA,There are no treatment plants,SOLANO,NA,NA,NA,NA,NA,NA,NA,NA,NA,NA
CA4890005,CITY OF VACAVILLE - RECLAIMATION,NP,NA,There are no treatment plants,SOLANO,NA,NA,NA,NA,NA,NA,NA,NA,NA,NA
NA,NA,NA,NA,NA,NA,NA,NA,NA,NA,NA,NA,NA,NA,NA,NA
CA3810008,THOMAS SHAFT WHOLESALE,C,D1,T2,SAN JOAQUIN,SWP,SWP,n/a,n/a,NA,NA,NA,NA,n/a,n/a
CA3900504,CLEMENTS WATER WORKS #43,C,D1,T1,SAN JOAQUIN,GW,Neither,NA,NA,NA,38.19063288,-121.0895209,FALSE,38.19063288,-121.0895209
CA3900505,FARMINGTON WATER COMPANY,C,D1,There are no treatment plants,SAN JOAQUIN,GW,Neither,NA,NA,NA,37.93118829,-120.9999432,FALSE,37.93118829,-120.9999432
CA3900511,SJC MICKE GROVE PARK,NTNC,D1,T1,SAN JOAQUIN,GW,Neither,NA,NA,NA,NA,NA,NA,NA,NA
CA3900512,MORADA ACRES WATER SYSTEM,C,D1,There are no treatment plants,SAN JOAQUIN,GW,Neither,NA,NA,NA,38.03306442,-121.2480426,FALSE,38.03306442,-121.2480426
CA3900517,ALMOND PARK WATER SYSTEM,C,D1,There are no treatment plants,SAN JOAQUIN,GW,Neither,NA,NA,NA,38.03475545,-121.2430433,FALSE,38.03475545,-121.2430433
CA3900523,MORADA MANOR WATER SYSTEM,C,D1,There are no treatment plants,SAN JOAQUIN,GW,Neither,NA,NA,NA,38.0384184,-121.2526668,FALSE,38.0384184,-121.2526668
CA3900543,MAURLAND MANOR WATER SYSTEM,C,D1,There are no treatment plants,SAN JOAQUIN,GWP,Neither,NA,NA,NA,37.70930532,-121.4135041,TRUE,37.70930532,-121.4135041
CA3900558,RANCHO SAN JOAQUIN WATER SYS,C,D1,T2,SAN JOAQUIN,GW,Neither,NA,NA,NA,38.04179095,-121.3438378,TRUE,38.04179095,-121.3438378
CA3900559,WINE COUNTRY APARTMENTS,C,D1,There are no treatment plants,SAN JOAQUIN,GW,Neither,NA,NA,NA,38.16158562,-121.2594287,FALSE,38.16158562,-121.2594287
CA3900561,LODI LAKE MOBILE HOME PARK,C,D1,There are no treatment plants,SAN JOAQUIN,GW,Neither,NA,NA,NA,38.15096769,-121.3009029,FALSE,38.15096769,-121.3009029
CA3900563,GAYLA MANOR PWS,C,D1,T2,SAN JOAQUIN,GW,Neither,NA,NA,NA,38.02592753,-121.2496783,FALSE,38.02592753,-121.2496783
CA3900568,CARIBOU MOBILE PARK PWS,C,D1,There are no treatment plants,SAN JOAQUIN,GW,Neither,NA,NA,NA,37.99470372,-121.2466421,FALSE,37.99470372,-121.2466421
CA3900569,EL RIO MOBILE HOME PARK,C,D1,There are no treatment plants,SAN JOAQUIN,GW,Neither,NA,NA,NA,37.91899447,-121.2272909,FALSE,37.91899447,-121.2272909
CA3900578,ST FRANCIS MOTEL,NC,NR,There are no treatment plants,SAN JOAQUIN,GW,Neither,NA,NA,NA,NA,NA,NA,NA,NA
CA3900579,CENTURY MOBILE HOME PARK,C,D1,There are no treatment plants,SAN JOAQUIN,GW,Neither,NA,NA,NA,37.89876242,-121.2197177,FALSE,37.89876242,-121.2197177
CA3900581,HARNEY LANE MIGRANT CENTER WS,NTNC,D1,T2,SAN JOAQUIN,GW,Neither,NA,NA,NA,NA,NA,NA,NA,NA
CA3900583,TIKI LAGOON RESORT & MARINA,NC,NR,T1,SAN JOAQUIN,GW,Neither,NA,NA,NA,NA,NA,NA,NA,NA
CA3900585,RODEWAY INN,NC,NR,There are no treatment plants,SAN JOAQUIN,GW,Neither,NA,NA,NA,NA,NA,NA,NA,NA
CA3900586,B&G MOBILE HOME PARK LLC WS,C,D1,There are no treatment plants,SAN JOAQUIN,GW,Neither,NA,NA,NA,38.20529487,-121.2622515,FALSE,38.20529487,-121.2622515
CA3900592,TOWN & COUNTRY INN,NC,NR,There are no treatment plants,SAN JOAQUIN,GW,Neither,NA,NA,NA,NA,NA,NA,NA,NA
CA3900596,VILLA CEREZOS,C,D1,There are no treatment plants,SAN JOAQUIN,GW,Neither,NA,NA,NA,38.09011018,-121.257728,FALSE,38.09011018,-121.257728
CA3900598,MARIONS RANCH HOUSE MOTEL,NC,NR,There are no treatment plants,SAN JOAQUIN,GW,Neither,NA,NA,NA,NA,NA,NA,NA,NA
CA3900602,TAHAMA VILLAGE MOBILE HOME PARK,C,D1,There are no treatment plants,SAN JOAQUIN,GW,Neither,NA,NA,NA,38.05620449,-121.2566477,FALSE,38.05620449,-121.2566477
CA3900606,A1 WINSTONS MOBILE HOME PARK,C,D1,There are no treatment plants,SAN JOAQUIN,GW,Neither,NA,NA,NA,37.92652996,-121.2302111,FALSE,37.92652996,-121.2302111
CA3900607,COUNTRY SQUIRE MOBILE ESTATES & WATER SY,C,D1,There are no treatment plants,SAN JOAQUIN,GW,Neither,NA,NA,NA,37.99563893,-121.2479278,FALSE,37.99563893,-121.2479278
CA3900616,WINDMILL COVE RESORT/MARINA LLC,NC,NR,T1,SAN JOAQUIN,GW,Neither,NA,NA,NA,NA,NA,NA,NA,NA
CA3900624,IL VINETO,C,D1,There are no treatment plants,SAN JOAQUIN,GW,Neither,NA,NA,NA,38.07771745,-121.2855246,FALSE,38.07771745,-121.2855246
CA3900637,BIG WHEEL MOBILE HOME PARK,C,D1,There are no treatment plants,SAN JOAQUIN,GW,Neither,NA,NA,NA,37.97261687,-121.2426556,FALSE,37.97261687,-121.2426556
CA3900648,TURTLE BEACH & WATER SYSTEM,NC,NR,There are no treatment plants,SAN JOAQUIN,GW,Neither,NA,NA,NA,NA,NA,NA,NA,NA
CA3900649,GLENWOOD MOBILE HOME PARK,C,D1,There are no treatment plants,SAN JOAQUIN,GW,Neither,NA,NA,NA,37.9904996,-121.1885691,FALSE,37.9904996,-121.1885691
CA3900653,ISLANDER MARINA,C,D1,T1,SAN JOAQUIN,GW,Neither,NA,NA,NA,37.77060813,-121.2901803,TRUE,37.77060813,-121.2901803
CA3900661,MAPACHE TRAILER PARK,C,D1,There are no treatment plants,SAN JOAQUIN,GW,Neither,NA,NA,NA,37.9151303,-121.2238156,FALSE,37.9151303,-121.2238156
CA3900664,NEW HOPE LANDING GENERAL STORE,C,D1,There are no treatment plants,SAN JOAQUIN,GW,Neither,NA,NA,NA,38.22758482,-121.4910421,TRUE,38.22758482,-121.4910421
CA3900666,KING ISLAND RESORT PWS,NC,NR,There are no treatment plants,SAN JOAQUIN,GW,Neither,NA,NA,NA,NA,NA,NA,NA,NA
CA3900682,LOCKEFORD MOBILE HOME PARK WTR SYS,C,D1,There are no treatment plants,SAN JOAQUIN,GW,Neither,NA,NA,NA,38.15853557,-121.1497332,FALSE,38.15853557,-121.1497332
CA3900701,CURRIER ESTATES WATER CORP,C,D1,There are no treatment plants,SAN JOAQUIN,GW,Neither,NA,NA,NA,37.74910985,-121.5094525,TRUE,37.74910985,-121.5094525
CA3900702,CORRAL HOLLOW PWS,C,D1,T2,SAN JOAQUIN,GW,Neither,NA,NA,NA,37.71843256,-121.4559899,TRUE,37.71843256,-121.4559899
CA3900705,FINNLEES TRAILER PARK,C,D1,There are no treatment plants,SAN JOAQUIN,GW,Neither,NA,NA,NA,38.04801434,-121.2601364,FALSE,38.04801434,-121.2601364
CA3900709,EL RANCHO MOTEL,NC,NR,There are no treatment plants,SAN JOAQUIN,GW,Neither,NA,NA,NA,NA,NA,NA,NA,NA
CA3900714,SUNNYSIDE ESTATES WATER SYSTEM,C,D1,There are no treatment plants,SAN JOAQUIN,SWP,Neither,n/a,n/a,NA,38.10286232,-121.3050523,FALSE,38.10286232,-121.3050523
CA3900719,MOKELUMNE MOBILE SENIOR PARK,C,D1,There are no treatment plants,SAN JOAQUIN,GW,Neither,NA,NA,NA,38.1561449,-121.2960513,FALSE,38.1561449,-121.2960513
CA3900720,SHADED TERRACE PWS,C,D1,There are no treatment plants,SAN JOAQUIN,GW,Neither,NA,NA,NA,38.02613076,-121.2462118,FALSE,38.02613076,-121.2462118
CA3900722,MORADA ESTATES PWS,C,D1,T2,SAN JOAQUIN,GW,Neither,NA,NA,NA,38.04034336,-121.2554533,FALSE,38.04034336,-121.2554533
CA3900724,ELKHORN ESTATES WATER SYSTEM,C,D1,T2,SAN JOAQUIN,GW,Neither,NA,NA,NA,38.052697,-121.328499,FALSE,38.052697,-121.328499
CA3900732,V & P TRAILER COURT WATER SYSTEM,C,D1,There are no treatment plants,SAN JOAQUIN,GW,Neither,NA,NA,NA,37.92780489,-121.2329749,FALSE,37.92780489,-121.2329749
CA3900733,COUNTRY CLUB VISTA MUTUAL WATER CO,C,D1,There are no treatment plants,SAN JOAQUIN,GW,Neither,NA,NA,NA,38.15904823,-121.2977273,FALSE,38.15904823,-121.2977273
CA3900742,J M EAGLE (WS),NTNC,D1,There are no treatment plants,SAN JOAQUIN,GW,Neither,NA,NA,NA,NA,NA,NA,NA,NA
CA3900748,ESCALON USD- COLLEGEVILLE SCH,NTNC,D1,There are no treatment plants,SAN JOAQUIN,GW,Neither,NA,NA,NA,NA,NA,NA,NA,NA
CA3900751,MARTINEZ APARTMENTS,C,D1,There are no treatment plants,SAN JOAQUIN,GW,Neither,NA,NA,NA,NA,NA,NA,NA,NA
CA3900752,STEVENS MOTEL WATER SYSTEM,NC,NR,There are no treatment plants,SAN JOAQUIN,GW,Neither,NA,NA,NA,NA,NA,NA,NA,NA
CA3900755,SHADY REST TRAILER COURT,C,D1,There are no treatment plants,SAN JOAQUIN,GW,Neither,NA,NA,NA,37.9946086,-121.1715764,FALSE,37.9946086,-121.1715764
CA3900756,LINDEN USD-GLENWOOD SCHOOL,NTNC,D1,There are no treatment plants,SAN JOAQUIN,GW,Neither,NA,NA,NA,NA,NA,NA,NA,NA
CA3900757,LINDEN USD-WATERLOO ELEMENTARY,NTNC,D1,There are no treatment plants,SAN JOAQUIN,GW,Neither,NA,NA,NA,NA,NA,NA,NA,NA
CA3900759,TURNER CUT RESORT,NC,NR,T1,SAN JOAQUIN,GW,Neither,NA,NA,NA,NA,NA,NA,NA,NA
CA3900762,RIVERSIDE MOBILE HOME PARK,C,D1,There are no treatment plants,SAN JOAQUIN,GW,Neither,NA,NA,NA,38.22690587,-121.4896714,TRUE,38.22690587,-121.4896714
CA3900768,PARADISE POINT MARINA,NC,NR,T3,SAN JOAQUIN,GW,Neither,NA,NA,NA,NA,NA,NA,NA,NA
CA3900779,BETHANY TEMPLE WATER SYSTEM,NC,NR,There are no treatment plants,SAN JOAQUIN,GW,Neither,NA,NA,NA,NA,NA,NA,NA,NA
CA3900796,BTQC-ESCALON,NTNC,D1,There are no treatment plants,SAN JOAQUIN,GW,Neither,NA,NA,NA,NA,NA,NA,NA,NA
CA3900797,ESCALON PREMIER BRANDS,NTNC,D1,There are no treatment plants,SAN JOAQUIN,GWP,Neither,NA,NA,NA,NA,NA,NA,NA,NA
CA3900798,FRANZIA WINERY,NTNC,D1,There are no treatment plants,SAN JOAQUIN,GW,Neither,NA,NA,NA,NA,NA,NA,NA,NA
CA3900799,OLDE TOWNE,NC,NR,There are no treatment plants,SAN JOAQUIN,GW,Neither,NA,NA,NA,NA,NA,NA,NA,NA
CA3900805,MOREHEAD PARK,C,D1,There are no treatment plants,SAN JOAQUIN,GW,Neither,NA,NA,NA,37.73716604,-121.4001132,TRUE,37.73716604,-121.4001132
CA3900813,HAVEN ACRES RIVER CLUB INC,C,D1,There are no treatment plants,SAN JOAQUIN,GW,Neither,NA,NA,NA,37.8498412,-121.3213893,TRUE,37.8498412,-121.3213893
CA3900814,TWO RIVERS RV PARK,NC,NR,There are no treatment plants,SAN JOAQUIN,GW,Neither,NA,NA,NA,NA,NA,NA,NA,NA
CA3900815,DELICATO VINEYARDS,NTNC,D1,There are no treatment plants,SAN JOAQUIN,GW,Neither,NA,NA,NA,NA,NA,NA,NA,NA
CA3900825,OWENS-BROCKWAY GLASS CONTAINER INC,NTNC,D1,There are no treatment plants,SAN JOAQUIN,GW,Neither,NA,NA,NA,NA,NA,NA,NA,NA
CA3900831,ARBOR MOBILE HOME PARK WS,C,D1,T1,SAN JOAQUIN,GW,Neither,NA,NA,NA,38.16225531,-121.2588721,FALSE,38.16225531,-121.2588721
CA3900835,WAYSIDE MOTEL APARTMENTS WTR SYS,C,D1,There are no treatment plants,SAN JOAQUIN,GW,Neither,NA,NA,NA,38.06707973,-121.2589305,FALSE,38.06707973,-121.2589305
CA3900837,LODI HOMES,C,D1,There are no treatment plants,SAN JOAQUIN,GW,Neither,NA,NA,NA,38.15778633,-121.260665,FALSE,38.15778633,-121.260665
CA3900840,SMK CHEVRON,NC,NR,There are no treatment plants,SAN JOAQUIN,GW,Neither,NA,NA,NA,NA,NA,NA,NA,NA
CA3900842,DOUBLE L MOBILE ESTATES,C,D1,There are no treatment plants,SAN JOAQUIN,GW,Neither,NA,NA,NA,38.15208405,-121.1548555,FALSE,38.15208405,-121.1548555
CA3900844,COUNTRY MANOR MHP,C,D1,T1,SAN JOAQUIN,GW,Neither,NA,NA,NA,38.13878613,-121.1795856,FALSE,38.13878613,-121.1795856
CA3900846,OAK VIEW UNION ELEMENTARY SCH,NTNC,D1,There are no treatment plants,SAN JOAQUIN,GW,Neither,NA,NA,NA,NA,NA,NA,NA,NA
CA3900848,LODI USD-TURNER ACADEMY AT TOKAY COLONY,NTNC,D1,There are no treatment plants,SAN JOAQUIN,GW,Neither,NA,NA,NA,NA,NA,NA,NA,NA
CA3900849,LODI USD-LIVE OAK SCHOOL,NTNC,D1,There are no treatment plants,SAN JOAQUIN,GW,Neither,NA,NA,NA,NA,NA,NA,NA,NA
CA3900850,LODI USD-HOUSTON SCHOOL,NTNC,D1,There are no treatment plants,SAN JOAQUIN,GW,Neither,NA,NA,NA,NA,NA,NA,NA,NA
CA3900903,FRANKS ONE/STOP FOOD MART WATER SYS,NC,NR,There are no treatment plants,SAN JOAQUIN,GW,Neither,NA,NA,NA,NA,NA,NA,NA,NA
CA3900907,BEL AIR MOBILE ESTATE,C,D1,There are no treatment plants,SAN JOAQUIN,GW,Neither,NA,NA,NA,38.00937526,-121.2344804,FALSE,38.00937526,-121.2344804
CA3900921,CARDOZA VILLA CORP,C,D1,There are no treatment plants,SAN JOAQUIN,GW,Neither,NA,NA,NA,37.7128316,-121.265976,TRUE,37.7128316,-121.265976
CA3900927,SPRING CREEK ESTATES PWS,C,D1,There are no treatment plants,SAN JOAQUIN,GW,Neither,NA,NA,NA,37.74599929,-121.1082359,FALSE,37.74599929,-121.1082359
CA3900962,RANCH COFFEE SHOP,NC,NR,There are no treatment plants,SAN JOAQUIN,GW,Neither,NA,NA,NA,NA,NA,NA,NA,NA
CA3900964,SAHARA MOBILE COURT,C,D1,There are no treatment plants,SAN JOAQUIN,GW,Neither,NA,NA,NA,37.98165482,-121.2687714,FALSE,37.98165482,-121.2687714
CA3900965,COLLEGEVILLE MARKET & CAFE,NC,NR,There are no treatment plants,SAN JOAQUIN,GW,Neither,NA,NA,NA,NA,NA,NA,NA,NA
CA3900974,STAR MOTEL,NC,NR,There are no treatment plants,SAN JOAQUIN,GW,Neither,NA,NA,NA,NA,NA,NA,NA,NA
CA3900978,SJ COUNTY-REDWOOD SCHOOL,NTNC,D1,There are no treatment plants,SAN JOAQUIN,GW,Neither,NA,NA,NA,NA,NA,NA,NA,NA
CA3900983,CHERRY LANE TRAILER PARK,C,D1,There are no treatment plants,SAN JOAQUIN,GW,Neither,NA,NA,NA,37.99503225,-121.1705196,FALSE,37.99503225,-121.1705196
CA3900991,LA TORRES PARK,C,D1,There are no treatment plants,SAN JOAQUIN,GW,Neither,NA,NA,NA,37.74366162,-121.4611897,TRUE,37.74366162,-121.4611897
CA3900993,NEW JERUSALEM SCHOOL,NTNC,D1,There are no treatment plants,SAN JOAQUIN,GW,Neither,NA,NA,NA,NA,NA,NA,NA,NA
CA3900998,OASIS MARINA-RESORT,NC,NR,There are no treatment plants,SAN JOAQUIN,GW,Neither,NA,NA,NA,NA,NA,NA,NA,NA
CA3901006,ARP MINIMART CORP WS,NC,NR,There are no treatment plants,SAN JOAQUIN,GW,Neither,NA,NA,NA,NA,NA,NA,NA,NA
CA3901010,ST FRANCIS YACHT CLUB,NC,NR,There are no treatment plants,SAN JOAQUIN,GW,Neither,NA,NA,NA,NA,NA,NA,NA,NA
CA3901011,COUNTRY MARKET,NC,NR,There are no treatment plants,SAN JOAQUIN,GW,Neither,NA,NA,NA,NA,NA,NA,NA,NA
CA3901014,BANTA ELEMENTARY SCHOOL,NTNC,D1,There are no treatment plants,SAN JOAQUIN,GW,Neither,NA,NA,NA,NA,NA,NA,NA,NA
CA3901015,CORTI WATER SYSTEM,NC,NR,There are no treatment plants,SAN JOAQUIN,GW,Neither,NA,NA,NA,NA,NA,NA,NA,NA
CA3901031,132 INVESTMENTS WATER SYSTEM,C,D1,There are no treatment plants,SAN JOAQUIN,GW,Neither,NA,NA,NA,37.63546815,-121.2893807,FALSE,37.63546815,-121.2893807
CA3901032,LODI USD-TURNER ACADEMY,NTNC,D1,T1,SAN JOAQUIN,GW,Neither,NA,NA,NA,NA,NA,NA,NA,NA
CA3901041,LODI AIRPORT CAFE,NC,NR,There are no treatment plants,SAN JOAQUIN,GW,Neither,NA,NA,NA,NA,NA,NA,NA,NA
CA3901046,COUNTRYSIDE LIQUORS & GAS,NC,NR,There are no treatment plants,SAN JOAQUIN,GW,Neither,NA,NA,NA,NA,NA,NA,NA,NA
CA3901074,TWIN OAKS MOBILE PARK,C,D1,There are no treatment plants,SAN JOAQUIN,GW,Neither,NA,NA,NA,38.06618068,-121.2618482,FALSE,38.06618068,-121.2618482
CA3901075,FAIRWAY ESTATES PWS CSA-18,C,D1,There are no treatment plants,SAN JOAQUIN,GW,Neither,NA,NA,NA,38.16439482,-121.3057097,FALSE,38.16439482,-121.3057097
CA3901080,ALPINE MEATS INC,NTNC,D1,T1,SAN JOAQUIN,GW,Neither,NA,NA,NA,NA,NA,NA,NA,NA
CA3901081,MOBILE VILLAS TRAILER PARK,C,D1,There are no treatment plants,SAN JOAQUIN,GW,Neither,NA,NA,NA,38.00219345,-121.2600413,FALSE,38.00219345,-121.2600413
CA3901082,ST JOSEPHS HOSPITAL,NTNC,D1,There are no treatment plants,SAN JOAQUIN,GW,Neither,NA,NA,NA,NA,NA,NA,NA,NA
CA3901085,LODI USD-DAVIS SCHOOL,NTNC,D1,There are no treatment plants,SAN JOAQUIN,GW,Neither,NA,NA,NA,NA,NA,NA,NA,NA
CA3901086,PACIFIC BELL UE17L WATER SYSTEM,NTNC,D1,There are no treatment plants,SAN JOAQUIN,GW,Neither,NA,NA,NA,NA,NA,NA,NA,NA
CA3901090,NORTH VALLEY SCHOOL PWS,NTNC,D1,There are no treatment plants,SAN JOAQUIN,GW,Neither,NA,NA,NA,NA,NA,NA,NA,NA
CA3901092,SAN JOAQUIN WATER WORKS #2,C,D1,T2,SAN JOAQUIN,GW,Neither,NA,NA,NA,38.13772386,-121.2056579,FALSE,38.13772386,-121.2056579
CA3901106,TRACY WILDLIFE ASSOC,NC,NR,There are no treatment plants,SAN JOAQUIN,GW,Neither,NA,NA,NA,NA,NA,NA,NA,NA
CA3901107,JEFFERSON ESD-JEFFERSON SCHOOL,NTNC,D1,There are no treatment plants,SAN JOAQUIN,GW,Neither,NA,NA,NA,NA,NA,NA,NA,NA
CA3901108,JAHANT FOOD N FUEL STOP,NC,NR,There are no treatment plants,SAN JOAQUIN,GW,Neither,NA,NA,NA,NA,NA,NA,NA,NA
CA3901113,WALNUT ACRES,C,D1,There are no treatment plants,SAN JOAQUIN,GW,Neither,NA,NA,NA,37.9985675,-121.2438275,FALSE,37.9985675,-121.2438275
CA3901114,KING ISLAND TRAILER PARK WATER SYSTEM,C,D1,There are no treatment plants,SAN JOAQUIN,GW,Neither,NA,NA,NA,38.05693785,-121.456537,TRUE,38.05693785,-121.456537
CA3901116,NAVARRA WATER SYSTEM,NC,D1,There are no treatment plants,SAN JOAQUIN,GW,Neither,NA,NA,NA,NA,NA,NA,NA,NA
CA3901120,WIENERSCHNITZEL,NC,NR,There are no treatment plants,SAN JOAQUIN,GW,Neither,NA,NA,NA,NA,NA,NA,NA,NA
CA3901123,MORADA CHEVRON FAST N EASY #60*,NC,NR,T1,SAN JOAQUIN,GW,Neither,NA,NA,NA,NA,NA,NA,NA,NA
CA3901124,DENNY BOYS WATER SYSTEM,NC,NR,There are no treatment plants,SAN JOAQUIN,GW,Neither,NA,NA,NA,NA,NA,NA,NA,NA
CA3901131,BAY VALLEY ESTATES PWS,NC,NR,There are no treatment plants,SAN JOAQUIN,GW,Neither,NA,NA,NA,NA,NA,NA,NA,NA
CA3901159,WILKINSON MANOR A-ZONE PWS,C,D1,There are no treatment plants,SAN JOAQUIN,GWP,Neither,NA,NA,NA,38.04806361,-121.2504545,FALSE,38.04806361,-121.2504545
CA3901163,MUSD-NEW HAVEN SCHOOL,NTNC,D1,There are no treatment plants,SAN JOAQUIN,GW,Neither,NA,NA,NA,NA,NA,NA,NA,NA
CA3901167,EUSD-VAN ALLEN SCHOOL,NTNC,D1,There are no treatment plants,SAN JOAQUIN,GW,Neither,NA,NA,NA,NA,NA,NA,NA,NA
CA3901172,PAR COUNTRY ESTATES CSA-16,C,D1,T2,SAN JOAQUIN,GW,Neither,NA,NA,NA,37.63507493,-121.4014786,FALSE,37.63507493,-121.4014786
CA3901176,PHILLIPS FARMS,NTNC,D1,T1,SAN JOAQUIN,GW,Neither,NA,NA,NA,NA,NA,NA,NA,NA
CA3901179,LODI WINE & BUSINESS CENTER,NTNC,D1,There are no treatment plants,SAN JOAQUIN,GW,Neither,NA,NA,NA,NA,NA,NA,NA,NA
CA3901181,NORTHWEST PIPE COMPANY,NTNC,D1,There are no treatment plants,SAN JOAQUIN,GW,Neither,NA,NA,NA,NA,NA,NA,NA,NA
CA3901182,FINLEYS,NC,NR,There are no treatment plants,SAN JOAQUIN,GW,Neither,NA,NA,NA,NA,NA,NA,NA,NA
CA3901194,VALIMET INC,NTNC,D1,There are no treatment plants,SAN JOAQUIN,GW,Neither,NA,NA,NA,NA,NA,NA,NA,NA
CA3901197,"OAK RIDGE WINERY, LLC",NTNC,D1,There are no treatment plants,SAN JOAQUIN,GW,Neither,NA,NA,NA,NA,NA,NA,NA,NA
CA3901205,LOWER SAC PLAZA,NC,NR,There are no treatment plants,SAN JOAQUIN,GW,Neither,NA,NA,NA,NA,NA,NA,NA,NA
CA3901209,ST MARYS HIGH SCHOOL,NTNC,D1,There are no treatment plants,SAN JOAQUIN,GW,Neither,NA,NA,NA,NA,NA,NA,NA,NA
CA3901213,SUNNY ROAD WATER SYSTEM,C,D1,There are no treatment plants,SAN JOAQUIN,GW,Neither,NA,NA,NA,37.8985998,-121.2176623,FALSE,37.8985998,-121.2176623
CA3901215,SAN JUAN VISTA,C,D1,There are no treatment plants,SAN JOAQUIN,GW,Neither,NA,NA,NA,37.96465224,-121.2547039,FALSE,37.96465224,-121.2547039
CA3901216,SANTOS RANCH PWS #5-CSA #35,C,D1,T2,SAN JOAQUIN,GW,Neither,NA,NA,NA,37.74651197,-121.5147747,TRUE,37.74651197,-121.5147747
CA3901217,HAYNES BOARD & CARE HOME,C,D1,There are no treatment plants,SAN JOAQUIN,GW,Neither,NA,NA,NA,38.14107447,-121.1352354,FALSE,38.14107447,-121.1352354
CA3901231,ESCALON GOLF COURSE WS,NC,NR,There are no treatment plants,SAN JOAQUIN,GW,Neither,NA,NA,NA,NA,NA,NA,NA,NA
CA3901238,MOKELUMNE BEACH RV PARK,NC,NR,There are no treatment plants,SAN JOAQUIN,GW,Neither,NA,NA,NA,NA,NA,NA,NA,NA
CA3901242,NEW 99 SPEEDWAY WATER SYSTEM,NC,NR,There are no treatment plants,SAN JOAQUIN,GW,Neither,NA,NA,NA,NA,NA,NA,NA,NA
CA3901245,CALIFORNIA FRUIT PROCESSORS,NC,D1,There are no treatment plants,SAN JOAQUIN,GW,Neither,NA,NA,NA,NA,NA,NA,NA,NA
CA3901248,FLAG CITY WATER SYSTEM,NTNC,D1,T2,SAN JOAQUIN,GW,Neither,NA,NA,NA,NA,NA,NA,NA,NA
CA3901252,WATERLOO CALIFORNIA RESTAURANT,NC,NR,There are no treatment plants,SAN JOAQUIN,GW,Neither,NA,NA,NA,NA,NA,NA,NA,NA
CA3901253,WATERLOO GUN & BOCCE CLUB,NC,NR,There are no treatment plants,SAN JOAQUIN,GW,Neither,NA,NA,NA,NA,NA,NA,NA,NA
CA3901258,AT&T CALIFORNIA - UER47,NTNC,D1,There are no treatment plants,SAN JOAQUIN,GW,Neither,NA,NA,NA,NA,NA,NA,NA,NA
CA3901276,HANOT FOUNDATION INC,C,D1,There are no treatment plants,SAN JOAQUIN,GW,Neither,NA,NA,NA,38.13276165,-121.1407283,FALSE,38.13276165,-121.1407283
CA3901278,PLUG CONNECTION LODI,NTNC,D1,There are no treatment plants,SAN JOAQUIN,GW,Neither,NA,NA,NA,NA,NA,NA,NA,NA
CA3901280,HORIZON CHRISTIAN FELLOWSHIP,NC,NR,There are no treatment plants,SAN JOAQUIN,GW,Neither,NA,NA,NA,NA,NA,NA,NA,NA
CA3901282,CBUSO DBA WOODBRIDGE WINERY,NTNC,D1,There are no treatment plants,SAN JOAQUIN,GW,Neither,NA,NA,NA,NA,NA,NA,NA,NA
CA3901283,ZAPIEN MARKET,NC,NR,There are no treatment plants,SAN JOAQUIN,GW,Neither,NA,NA,NA,NA,NA,NA,NA,NA
CA3901284,SJC SPORTS COMPLEX,NC,NR,There are no treatment plants,SAN JOAQUIN,GW,Neither,NA,NA,NA,NA,NA,NA,NA,NA
CA3901285,VICTOR SERVICE CENTER,NTNC,D2,T2,SAN JOAQUIN,GW,Neither,NA,NA,NA,NA,NA,NA,NA,NA
CA3901296,ITALIAN ATHLETIC CLUB,NC,NR,There are no treatment plants,SAN JOAQUIN,GW,Neither,NA,NA,NA,NA,NA,NA,NA,NA
CA3901299,BANTA INN WATER SYSTEM,NC,NR,There are no treatment plants,SAN JOAQUIN,GW,Neither,NA,NA,NA,NA,NA,NA,NA,NA
CA3901301,PETES PLACE LLC,NC,NR,There are no treatment plants,SAN JOAQUIN,GW,Neither,NA,NA,NA,NA,NA,NA,NA,NA
CA3901303,ACAMPO WATER SYSTEM,C,D1,There are no treatment plants,SAN JOAQUIN,GW,Neither,NA,NA,NA,38.17337944,-121.279958,FALSE,38.17337944,-121.279958
CA3901304,ENCLAVE AT THE DELTA,C,D1,There are no treatment plants,SAN JOAQUIN,GW,Neither,NA,NA,NA,38.05976894,-121.2541067,FALSE,38.05976894,-121.2541067
CA3901305,CARMELO INDUSTRIAL PARK,NTNC,D1,There are no treatment plants,SAN JOAQUIN,GW,Neither,NA,NA,NA,NA,NA,NA,NA,NA
CA3901306,KELLOGG GARDEN PRODUCTS,NTNC,D1,There are no treatment plants,SAN JOAQUIN,GW,Neither,NA,NA,NA,NA,NA,NA,NA,NA
CA3901308,YONGS BAR & GRILL WATER SYSTEM,NC,NR,There are no treatment plants,SAN JOAQUIN,GW,Neither,NA,NA,NA,NA,NA,NA,NA,NA
CA3901309,GLASSFAB TEMPERING SERVICES INC.,NTNC,D1,There are no treatment plants,SAN JOAQUIN,GW,Neither,NA,NA,NA,NA,NA,NA,NA,NA
CA3901310,DARRIGOS WATER SYSTEM,NC,NR,There are no treatment plants,SAN JOAQUIN,GW,Neither,NA,NA,NA,NA,NA,NA,NA,NA
CA3901312,TURNER ROAD VINTNERS (EAST),NTNC,D1,T1,SAN JOAQUIN,GW,Neither,NA,NA,NA,NA,NA,NA,NA,NA
CA3901315,GAF MATERIALS CO,NTNC,D1,There are no treatment plants,SAN JOAQUIN,GW,Neither,NA,NA,NA,NA,NA,NA,NA,NA
CA3901318,S M S BRINERS INC,NTNC,D1,T3,SAN JOAQUIN,GW,Neither,NA,NA,NA,NA,NA,NA,NA,NA
CA3901319,KNAPHEIDE TRUCK EQUIPMENT COMPANY,NTNC,D1,There are no treatment plants,SAN JOAQUIN,GW,Neither,NA,NA,NA,NA,NA,NA,NA,NA
CA3901320,CHARGIN-SOSSAMON WATER SYSTEM,NTNC,D1,There are no treatment plants,SAN JOAQUIN,GW,Neither,NA,NA,NA,NA,NA,NA,NA,NA
CA3901322,MANTECA INDUSTRIAL PRK CSA-30,NTNC,D1,There are no treatment plants,SAN JOAQUIN,GW,Neither,NA,NA,NA,NA,NA,NA,NA,NA
CA3901323,COZAD WATER SYSTEM,NTNC,D1,There are no treatment plants,SAN JOAQUIN,GW,Neither,NA,NA,NA,NA,NA,NA,NA,NA
CA3901328,FAMILY MARKET WATER SYSTEM,NC,NR,There are no treatment plants,SAN JOAQUIN,GW,Neither,NA,NA,NA,NA,NA,NA,NA,NA
CA3901329,WEST KINGDOM HALL OF JEHOVAH'S WITNESSES,NC,NR,There are no treatment plants,SAN JOAQUIN,GW,Neither,NA,NA,NA,NA,NA,NA,NA,NA
CA3901331,RIPON USD-COLONY OAK SCHOOL,NTNC,D1,There are no treatment plants,SAN JOAQUIN,GW,Neither,NA,NA,NA,NA,NA,NA,NA,NA
CA3901336,WESTERN PALLET SUPPLY & LOGISTICS,NTNC,D1,There are no treatment plants,SAN JOAQUIN,GW,Neither,NA,NA,NA,NA,NA,NA,NA,NA
CA3901337,MORADA ESTATES N PWS #46,C,D1,There are no treatment plants,SAN JOAQUIN,GW,Neither,NA,NA,NA,38.05376886,-121.2490604,FALSE,38.05376886,-121.2490604
CA3901338,"DYNATECT RO-LAB, INC.",NTNC,D1,There are no treatment plants,SAN JOAQUIN,GW,Neither,NA,NA,NA,NA,NA,NA,NA,NA
CA3901341,RAUDEL DELGADO WATER SYSTEM,NC,NR,There are no treatment plants,SAN JOAQUIN,GW,Neither,NA,NA,NA,NA,NA,NA,NA,NA
CA3901342,"ZUCKERMAN, ROSCOE 39-316",NC,NR,There are no treatment plants,SAN JOAQUIN,GW,Neither,NA,NA,NA,NA,NA,NA,NA,NA
CA3901343,DEVIL MOUNTAIN WHOLESALE NURSERY,NTNC,D1,There are no treatment plants,SAN JOAQUIN,GW,Neither,NA,NA,NA,NA,NA,NA,NA,NA
CA3901344,ESCALON LIVESTOCK MKT,NC,NR,There are no treatment plants,SAN JOAQUIN,GW,Neither,NA,NA,NA,NA,NA,NA,NA,NA
CA3901345,NORMANS NURSERY,NTNC,D1,There are no treatment plants,SAN JOAQUIN,GW,Neither,NA,NA,NA,NA,NA,NA,NA,NA
CA3901348,FAIROAKS PWS #44,C,D2,TD,SAN JOAQUIN,GW,Neither,NA,NA,NA,37.70280832,-121.4058476,TRUE,37.70280832,-121.4058476
CA3901350,BOETHING TREELAND FARMS INC,NTNC,D1,There are no treatment plants,SAN JOAQUIN,GW,Neither,NA,NA,NA,NA,NA,NA,NA,NA
CA3901354,LARSEN RANCH 39-40/WATER SYSTEM,NTNC,D1,There are no treatment plants,SAN JOAQUIN,GW,Neither,NA,NA,NA,NA,NA,NA,NA,NA
CA3901360,HOLIDAY HARBOR MARINA,NC,NR,There are no treatment plants,SAN JOAQUIN,GW,Neither,NA,NA,NA,NA,NA,NA,NA,NA
CA3901365,"RIVER MILL, THE",NC,NR,There are no treatment plants,SAN JOAQUIN,GW,Neither,NA,NA,NA,NA,NA,NA,NA,NA
CA3901368,OM SCOTT & SONS/HYPONEX CORP,NTNC,D1,There are no treatment plants,SAN JOAQUIN,GW,Neither,NA,NA,NA,NA,NA,NA,NA,NA
CA3901369,BASALITE - TRACY,NTNC,D1,There are no treatment plants,SAN JOAQUIN,GW,Neither,NA,NA,NA,NA,NA,NA,NA,NA
CA3901370,JIMMYS ONE STOP,NC,NR,There are no treatment plants,SAN JOAQUIN,GW,Neither,NA,NA,NA,NA,NA,NA,NA,NA
CA3901371,LOCKEFORD SPRINGS GOLF COURSE,NC,NR,There are no treatment plants,SAN JOAQUIN,GW,Neither,NA,NA,NA,NA,NA,NA,NA,NA
CA3901373,EUSD-GATEWAY CHARTER,NTNC,D1,There are no treatment plants,SAN JOAQUIN,GW,Neither,NA,NA,NA,NA,NA,NA,NA,NA
CA3901377,FRENCH CAMP GOLF COURSE,NTNC,D1,There are no treatment plants,SAN JOAQUIN,GW,Neither,NA,NA,NA,NA,NA,NA,NA,NA
CA3901378,SAN-I-PAK INC,NTNC,D1,There are no treatment plants,SAN JOAQUIN,GW,Neither,NA,NA,NA,NA,NA,NA,NA,NA
CA3901382,O-G PACKING CO,NTNC,D1,There are no treatment plants,SAN JOAQUIN,GW,Neither,NA,NA,NA,NA,NA,NA,NA,NA
CA3901387,STOCKTON BAPTIST CHURCH,NTNC,D1,There are no treatment plants,SAN JOAQUIN,GW,Neither,NA,NA,NA,NA,NA,NA,NA,NA
CA3901388,P G & E-TURNER CUT WATER SYSTEM,NTNC,NR,There are no treatment plants,SAN JOAQUIN,GW,Neither,NA,NA,NA,NA,NA,NA,NA,NA
CA3901390,FRANK C ALEGRE TRUCKING INC WS,NTNC,D1,T1,SAN JOAQUIN,GW,Neither,NA,NA,NA,NA,NA,NA,NA,NA
CA3901391,MCHENRY AVE RECREATION AREA,NC,NR,There are no treatment plants,SAN JOAQUIN,GW,Neither,NA,NA,NA,NA,NA,NA,NA,NA
CA3901392,"ENVIROPLEX, INC",NTNC,D1,T1,SAN JOAQUIN,GW,Neither,NA,NA,NA,NA,NA,NA,NA,NA
CA3901393,TURNER ROAD VINTNERS (WEST),NC,NR,There are no treatment plants,SAN JOAQUIN,GW,Neither,NA,NA,NA,NA,NA,NA,NA,NA
CA3901394,CALVA PRODUCTS CO INC,NTNC,D1,There are no treatment plants,SAN JOAQUIN,GW,Neither,NA,NA,NA,NA,NA,NA,NA,NA
CA3901397,"GURDAWARA, GUR NANAK PARKASH WATER SYSTE",NC,NR,There are no treatment plants,SAN JOAQUIN,GW,Neither,NA,NA,NA,NA,NA,NA,NA,NA
CA3901399,CHURCH OF JESUS CHRIST OF LDS,NC,NR,There are no treatment plants,SAN JOAQUIN,GW,Neither,NA,NA,NA,NA,NA,NA,NA,NA
CA3901400,VALLEY LANDSCAPING & MAINT INC,NTNC,D1,There are no treatment plants,SAN JOAQUIN,GW,Neither,NA,NA,NA,NA,NA,NA,NA,NA
CA3901401,ZUCKERMAN HERITAGE-MCDONALD,NC,NR,There are no treatment plants,SAN JOAQUIN,GW,Neither,NA,NA,NA,NA,NA,NA,NA,NA
CA3901402,FAITH COMMUNITY CHURCH OF THE NAZARENE,NC,NR,There are no treatment plants,SAN JOAQUIN,GW,Neither,NA,NA,NA,NA,NA,NA,NA,NA
CA3901403,BEAR CREEK COMMUNITY CHURCH,NC,NR,There are no treatment plants,SAN JOAQUIN,GW,Neither,NA,NA,NA,NA,NA,NA,NA,NA
CA3901404,BEAR CREEK WINERY,NTNC,D1,There are no treatment plants,SAN JOAQUIN,GW,Neither,NA,NA,NA,NA,NA,NA,NA,NA
CA3901406,SOUTHWINDS CHURCH OF TRACY,NC,NR,There are no treatment plants,SAN JOAQUIN,GW,Neither,NA,NA,NA,NA,NA,NA,NA,NA
CA3901407,BURLINGTON NORTHERN SANTA FE,NTNC,D1,There are no treatment plants,SAN JOAQUIN,GW,Neither,NA,NA,NA,NA,NA,NA,NA,NA
CA3901409,VALPICO INDUSTRIAL PARK,NTNC,D1,There are no treatment plants,SAN JOAQUIN,GW,Neither,NA,NA,NA,NA,NA,NA,NA,NA
CA3901410,VAN RUITEN FAMILY WINERY,NC,NR,T1,SAN JOAQUIN,GW,Neither,NA,NA,NA,NA,NA,NA,NA,NA
CA3901411,OAKMOORE CONGRE OF JEHOVAH WIT,NC,NR,There are no treatment plants,SAN JOAQUIN,GW,Neither,NA,NA,NA,NA,NA,NA,NA,NA
CA3901412,KOREAN PRESBYTERIAN CHURCH,NC,NR,There are no treatment plants,SAN JOAQUIN,GW,Neither,NA,NA,NA,NA,NA,NA,NA,NA
CA3901414,MCLAUGHLIN WASTE EQUIPMENT INC,NTNC,D1,There are no treatment plants,SAN JOAQUIN,GW,Neither,NA,NA,NA,NA,NA,NA,NA,NA
CA3901416,"HOME CHURCH, THE",NC,NR,There are no treatment plants,SAN JOAQUIN,GW,Neither,NA,NA,NA,NA,NA,NA,NA,NA
CA3901417,J B HUNT TRANSPORT INC,NTNC,D1,T1,SAN JOAQUIN,GW,Neither,NA,NA,NA,NA,NA,NA,NA,NA
CA3901418,AUSTIN INDUSTRIAL PARK WATER SYSTEM,NTNC,D1,There are no treatment plants,SAN JOAQUIN,GW,Neither,NA,NA,NA,NA,NA,NA,NA,NA
CA3901421,VIEJO LTD,NTNC,D1,There are no treatment plants,SAN JOAQUIN,GW,Neither,NA,NA,NA,NA,NA,NA,NA,NA
CA3901422,ST MICHAELS WATER SYSTEM,NC,NR,There are no treatment plants,SAN JOAQUIN,GW,Neither,NA,NA,NA,NA,NA,NA,NA,NA
CA3901423,DOWN RIVER AN ITW COMPANY,NTNC,D1,There are no treatment plants,SAN JOAQUIN,GW,Neither,NA,NA,NA,NA,NA,NA,NA,NA
CA3901424,DURHAM FERRY COMMUNITY SCHOOL,NTNC,D1,There are no treatment plants,SAN JOAQUIN,GW,Neither,NA,NA,NA,NA,NA,NA,NA,NA
CA3901425,MORADA PRODUCE,NTNC,D1,There are no treatment plants,SAN JOAQUIN,GW,Neither,NA,NA,NA,NA,NA,NA,NA,NA
CA3901426,HAVEN OF PEACE,NC,NR,There are no treatment plants,SAN JOAQUIN,GW,Neither,NA,NA,NA,NA,NA,NA,NA,NA
CA3901428,IDLE WILD MARKET,NC,NR,There are no treatment plants,SAN JOAQUIN,GW,Neither,NA,NA,NA,NA,NA,NA,NA,NA
CA3901429,MUSCO FAMILY OLIVE CO,NTNC,D1,There are no treatment plants,SAN JOAQUIN,GW,Neither,NA,NA,NA,NA,NA,NA,NA,NA
CA3901430,VICTORIA ISLAND FARMS,NC,NR,There are no treatment plants,SAN JOAQUIN,GW,Neither,NA,NA,NA,NA,NA,NA,NA,NA
CA3901432,ST PATRICK CATHOLIC CHURCH WTR SYS,NC,NR,There are no treatment plants,SAN JOAQUIN,GW,Neither,NA,NA,NA,NA,NA,NA,NA,NA
CA3901433,KINGDOM HALL OF JEHOVAHS WITNESSES,NC,NR,There are no treatment plants,SAN JOAQUIN,GW,Neither,NA,NA,NA,NA,NA,NA,NA,NA
CA3901435,COUNTRY MART DIESEL & GAS WATER SYS,NC,NR,There are no treatment plants,SAN JOAQUIN,GW,Neither,NA,NA,NA,NA,NA,NA,NA,NA
CA3901438,WOODBRIDGE PIZZA WATER SYSTEM,NC,NR,There are no treatment plants,SAN JOAQUIN,GW,Neither,NA,NA,NA,NA,NA,NA,NA,NA
CA3901439,LOCKEFORD HOLDINGS WATER DISTRICT LLC,NC,NR,There are no treatment plants,SAN JOAQUIN,GW,Neither,NA,NA,NA,NA,NA,NA,NA,NA
CA3901441,LOVELACE TRANSFER STATION,NC,NR,There are no treatment plants,SAN JOAQUIN,GW,Neither,NA,NA,NA,NA,NA,NA,NA,NA
CA3901442,TARDITI RENTALS WATER,NTNC,D1,There are no treatment plants,SAN JOAQUIN,GW,Neither,NA,NA,NA,NA,NA,NA,NA,NA
CA3901443,JESSIES GROVE WINERY,NC,NR,There are no treatment plants,SAN JOAQUIN,GW,Neither,NA,NA,NA,NA,NA,NA,NA,NA
CA3901445,PODESTA PACKING WATER SYSTEM,NC,NR,There are no treatment plants,SAN JOAQUIN,GW,Neither,NA,NA,NA,NA,NA,NA,NA,NA
CA3901447,OLD RIVER GOLF COURSE,NC,NR,There are no treatment plants,SAN JOAQUIN,GW,Neither,NA,NA,NA,NA,NA,NA,NA,NA
CA3901449,BIGLIERI FARM MARKET,NC,NR,There are no treatment plants,SAN JOAQUIN,GW,Neither,NA,NA,NA,NA,NA,NA,NA,NA
CA3901450,GICO VALLEY FARMS,NC,NR,There are no treatment plants,SAN JOAQUIN,GW,Neither,NA,NA,NA,NA,NA,NA,NA,NA
CA3901452,BEREA BAPTIST CHURCH STOCKTON CA,NC,NR,There are no treatment plants,SAN JOAQUIN,GW,Neither,NA,NA,NA,NA,NA,NA,NA,NA
CA3901456,PRIMA FRUTTA PACKING,NTNC,D1,There are no treatment plants,SAN JOAQUIN,GW,Neither,NA,NA,NA,NA,NA,NA,NA,NA
CA3901457,CLEMENTS RIDGE PRODUCE,NC,NR,There are no treatment plants,SAN JOAQUIN,GW,Neither,NA,NA,NA,NA,NA,NA,NA,NA
CA3901459,JACOBS TERMINOUS MARKET,NC,NR,There are no treatment plants,SAN JOAQUIN,GW,Neither,NA,NA,NA,NA,NA,NA,NA,NA
CA3901461,JENSEN PRECAST,NTNC,D1,There are no treatment plants,SAN JOAQUIN,GW,Neither,NA,NA,NA,NA,NA,NA,NA,NA
CA3901462,RIPON VFW POST 1051 WATER SYSTEM,NC,NR,There are no treatment plants,SAN JOAQUIN,GW,Neither,NA,NA,NA,NA,NA,NA,NA,NA
CA3901463,TULARE FARMS LLLP WATER SYSTEM,NTNC,D1,T2,SAN JOAQUIN,GW,Neither,NA,NA,NA,NA,NA,NA,NA,NA
CA3901464,DESHMESH DARBAR LODI/STK WATER SYS,NC,NR,There are no treatment plants,SAN JOAQUIN,GW,Neither,NA,NA,NA,NA,NA,NA,NA,NA
CA3901466,PARK GREEN HOUSES WATER SYSTEM,NTNC,D1,There are no treatment plants,SAN JOAQUIN,GW,Neither,NA,NA,NA,NA,NA,NA,NA,NA
CA3901469,PASTOR ST BERNARD CHRCH WTR SYS,NC,NR,There are no treatment plants,SAN JOAQUIN,GW,Neither,NA,NA,NA,NA,NA,NA,NA,NA
CA3901470,DELRIO MARKET & DELI,NC,NR,There are no treatment plants,SAN JOAQUIN,GW,Neither,NA,NA,NA,NA,NA,NA,NA,NA
CA3901471,FRESH INNOVATIONS LLC,NTNC,NR,There are no treatment plants,SAN JOAQUIN,GW,Neither,NA,NA,NA,NA,NA,NA,NA,NA
CA3901472,INVESTORS OF KING ISLAND WATER SYS,NC,NR,There are no treatment plants,SAN JOAQUIN,GW,Neither,NA,NA,NA,NA,NA,NA,NA,NA
CA3901473,DIEDE TRUCKING WATER SYSTEM,NTNC,D1,There are no treatment plants,SAN JOAQUIN,GW,Neither,NA,NA,NA,NA,NA,NA,NA,NA
CA3901474,FREMONT ONE,C,D1,There are no treatment plants,SAN JOAQUIN,GW,Neither,NA,NA,NA,37.97264782,-121.2418253,FALSE,37.97264782,-121.2418253
CA3901477,TRACY MATRL RECVRY/SLD WASTE WS,NTNC,D1,T1,SAN JOAQUIN,GW,Neither,NA,NA,NA,NA,NA,NA,NA,NA
CA3901478,MOOSE OUTDOOR SPORTSMAN CLUB,NC,NR,There are no treatment plants,SAN JOAQUIN,GW,Neither,NA,NA,NA,NA,NA,NA,NA,NA
CA3901480,ABF FREIGHT WATER SYSTEM,NTNC,D1,T1,SAN JOAQUIN,GW,Neither,NA,NA,NA,NA,NA,NA,NA,NA
CA3901481,PNP STOCKTON #80,NTNC,D1,There are no treatment plants,SAN JOAQUIN,GW,Neither,NA,NA,NA,NA,NA,NA,NA,NA
CA3901482,OASIS MARKET & PRODUCE,NC,NR,There are no treatment plants,SAN JOAQUIN,GW,Neither,NA,NA,NA,NA,NA,NA,NA,NA
CA3901484,BULLFROG LANDING MARINA,NC,NR,T1,SAN JOAQUIN,GW,Neither,NA,NA,NA,NA,NA,NA,NA,NA
CA3901485,WESTGATE LANDING PARK WATER SYSTEM,NC,NR,There are no treatment plants,SAN JOAQUIN,GW,Neither,NA,NA,NA,NA,NA,NA,NA,NA
CA3901486,CENTRAL VALLEY BAPTIST CHURCH WS,NTNC,D1,There are no treatment plants,SAN JOAQUIN,GW,Neither,NA,NA,NA,NA,NA,NA,NA,NA
CA3901487,RIVER ROAD PRODUCE WATER SYSTEM,NC,NR,There are no treatment plants,SAN JOAQUIN,GW,Neither,NA,NA,NA,NA,NA,NA,NA,NA
CA3902109,VIAGGIO WINERY WATER SYSTEM,NC,NR,There are no treatment plants,SAN JOAQUIN,GW,Neither,NA,NA,NA,NA,NA,NA,NA,NA
CA3902136,LINDEN USD-CHARTVILLE SCHOOL,NTNC,D1,There are no treatment plants,SAN JOAQUIN,GW,Neither,NA,NA,NA,NA,NA,NA,NA,NA
CA3902172,A SAMBADO & SON 39-321,NTNC,D1,There are no treatment plants,SAN JOAQUIN,GW,Neither,NA,NA,NA,NA,NA,NA,NA,NA
CA3902180,SUTTER HOME WINERY INC.,NTNC,D1,T1,SAN JOAQUIN,GW,Neither,NA,NA,NA,NA,NA,NA,NA,NA
CA3902181,"SCHULTE ROAD WAREHOUSE 3, LLC WTR SYS",NTNC,D1,There are no treatment plants,SAN JOAQUIN,GW,Neither,NA,NA,NA,NA,NA,NA,NA,NA
CA3902183,DAN R COSTA INC (WS),NC,D2,T3,SAN JOAQUIN,GW,Neither,NA,NA,NA,NA,NA,NA,NA,NA
CA3902184,"DLJ PROPERTIES, LLC",NTNC,D1,There are no treatment plants,SAN JOAQUIN,GW,Neither,NA,NA,NA,NA,NA,NA,NA,NA
CA3902187,WEST 11TH STREET CHEVRON WATER SYSTEM,NC,NR,There are no treatment plants,SAN JOAQUIN,GW,Neither,NA,NA,NA,NA,NA,NA,NA,NA
CA3902189,GICO MANAGEMENT,NTNC,D1,There are no treatment plants,SAN JOAQUIN,GW,Neither,NA,NA,NA,NA,NA,NA,NA,NA
CA3902190,VAN GRONINGEN & SONS INC WATER SYSTEM,NC,NR,There are no treatment plants,SAN JOAQUIN,GW,Neither,NA,NA,NA,NA,NA,NA,NA,NA
CA3902191,TRACY ISLAMIC CENTER WATER SYSTEM,NC,NR,There are no treatment plants,SAN JOAQUIN,GW,Neither,NA,NA,NA,NA,NA,NA,NA,NA
CA3902194,CHEROKEE MEMORIAL PARK INC WATER SYSTEM,NC,NR,There are no treatment plants,SAN JOAQUIN,GW,Neither,NA,NA,NA,NA,NA,NA,NA,NA
CA3902206,CALIFORNIA ISLAMIC CENTER,NC,NR,There are no treatment plants,SAN JOAQUIN,GW,Neither,NA,NA,NA,NA,NA,NA,NA,NA
CA3902207,RIPON CHURCH OF CHRIST,NC,D2,There are no treatment plants,SAN JOAQUIN,GW,Neither,NA,NA,NA,NA,NA,NA,NA,NA
CA3902210,GERMAN GUYS,NC,NR,There are no treatment plants,SAN JOAQUIN,GW,Neither,NA,NA,NA,NA,NA,NA,NA,NA
CA3902211,"FC TRACY HOLDINGS, LLC",NTNC,D1,There are no treatment plants,SAN JOAQUIN,GW,Neither,NA,NA,NA,NA,NA,NA,NA,NA
CA3902212,JAHANT WOODS CELLARS,NTNC,D1,There are no treatment plants,SAN JOAQUIN,GW,Neither,NA,NA,NA,NA,NA,NA,NA,NA
CA3902213,ZINC HOUSE FARM WINERY,NC,NR,There are no treatment plants,SAN JOAQUIN,GW,Neither,NA,NA,NA,NA,NA,NA,NA,NA
CA3902215,MCMANIS FAMILY VINEYARDS INC.,NTNC,D1,There are no treatment plants,SAN JOAQUIN,GW,Neither,NA,NA,NA,NA,NA,NA,NA,NA
CA3902216,88 MARKET & GRILL,NC,NR,There are no treatment plants,SAN JOAQUIN,GW,Neither,NA,NA,NA,NA,NA,NA,NA,NA
CA3902217,STARBUCKS,NC,NR,There are no treatment plants,SAN JOAQUIN,GW,Neither,NA,NA,NA,NA,NA,NA,NA,NA
CA3910001,CALIFORNIA WATER SERVICE - STOCKTON,C,D4,T2,SAN JOAQUIN,SWP,CVP,37.95636535,-121.2802951,NA,37.95548586,-121.283436,TRUE,37.95548586,-121.283436
CA3910002,SAN JOAQUIN COUNTY - COLONIAL HEIGHTS,C,D2,There are no treatment plants,SAN JOAQUIN,SWP,CVP,38.02469707,-121.334382,NA,38.02469702,-121.3343819,TRUE,38.02469702,-121.3343819
CA3910003,"ESCALON, CITY OF",C,D2,TD,SAN JOAQUIN,GW,Neither,NA,NA,NA,37.79175095,-120.998084,FALSE,37.79175095,-120.998084
CA3910004,"LODI, CITY OF",C,D4,T4,SAN JOAQUIN,SW,Neither,NA,NA,NA,38.12130533,-121.293191,TRUE,38.12130533,-121.293191
CA3910005,"MANTECA, CITY OF",C,D5,T3,SAN JOAQUIN,SWP,Neither,NA,NA,NA,37.79345684,-121.2265453,TRUE,37.79345684,-121.2265453
CA3910006,STOCKTON EAST WATER DISTRICT,C,D1,T5,SAN JOAQUIN,SW,CVP,37.96487031,-121.2080839,NA,NA,NA,NA,37.96487031,-121.2080839
CA3910007,"RIPON, CITY OF",C,D4,TD,SAN JOAQUIN,GW,Neither,NA,NA,NA,37.74171182,-121.1310084,FALSE,37.74171182,-121.1310084
CA3910008,LOCKEFORD COMMUNITY SERV. DIST.,C,D2,There are no treatment plants,SAN JOAQUIN,GW,Neither,NA,NA,NA,38.15702855,-121.1510657,FALSE,38.15702855,-121.1510657
CA3910009,SAN JOAQUIN COUNTY - THORNTON,C,D1,T2,SAN JOAQUIN,GW,Neither,NA,NA,NA,38.22589384,-121.4241936,TRUE,38.22589384,-121.4241936
CA3910010,SAN JOAQUIN COUNTY - LINCOLN VILLAGE,C,D2,There are no treatment plants,SAN JOAQUIN,SWP,CVP,38.00519419,-121.3359821,NA,38.0051941,-121.3359832,TRUE,38.0051941,-121.3359832
CA3910011,"TRACY, CITY OF",C,D4,T5,SAN JOAQUIN,SW,CVP,37.72686788,-121.4520979,NA,37.72684586,-121.4521081,TRUE,37.72684586,-121.4521081
CA3910012,CITY OF STOCKTON,C,D5,T5,SAN JOAQUIN,SW,CVP,37.99351091,-121.3193873,NA,37.99341458,-121.3193166,TRUE,37.99341458,-121.3193166
CA3910014,SAN JOAQUIN COUNTY-RAYMUS VILLAGE,C,D2,T2,SAN JOAQUIN,GW,Neither,NA,NA,NA,37.83024181,-121.2125852,FALSE,37.83024181,-121.2125852
CA3910015,CITY OF LATHROP,C,D3,T3,SAN JOAQUIN,SWP,Neither,37.8113892,-121.2660233,NA,37.80757753,-121.3161559,TRUE,37.80757753,-121.3161559
CA3910017,SAN JOAQUIN COUNTY-MOKELUMNE ACRES,C,D2,TD,SAN JOAQUIN,GW,Neither,NA,NA,NA,38.156875,-121.3105047,FALSE,38.156875,-121.3105047
CA3910018,SAN JOAQUIN RIVER CLUB INC,C,D1,TD,SAN JOAQUIN,GW,Neither,NA,NA,NA,37.68035807,-121.2752095,TRUE,37.68035807,-121.2752095
CA3910019,LINDEN COUNTY WATER DISTRICT,C,D2,TD,SAN JOAQUIN,GW,Neither,NA,NA,NA,38.02193952,-121.0883746,FALSE,38.02193952,-121.0883746
CA3910020,STOCKTON VERDE MOBILE HOME PARK,C,D1,TD,SAN JOAQUIN,GW,Neither,NA,NA,NA,38.00886693,-121.253915,FALSE,38.00886693,-121.253915
CA3910022,LITTLE POTATO SLOUGH MUTUAL,C,D1,T3,SAN JOAQUIN,SW,Neither,n/a,n/a,NA,NA,NA,NA,n/a,n/a
CA3910023,OAKWOOD LAKE WATER DISTRICT-SUBDIVISION,C,D2,T2,SAN JOAQUIN,GW,Neither,NA,NA,NA,37.77811511,-121.2993323,TRUE,37.77811511,-121.2993323
CA3910024,SAN JOAQUIN COUNTY - WILKINSON MANOR,C,D1,TD,SAN JOAQUIN,GW,Neither,NA,NA,NA,38.04412697,-121.2546211,FALSE,38.04412697,-121.2546211
CA3910025,LAWRENCE LIVERMORE NATIONAL LAB-SITE 300,NTNC,D2,T2,SAN JOAQUIN,SWP,Neither,n/a,n/a,NA,NA,NA,NA,n/a,n/a
CA3910027,CITY OF MOUNTAIN HOUSE,C,D3,T4,SAN JOAQUIN,SW,Neither,n/a,n/a,NA,37.78420963,-121.542378,TRUE,37.78420963,-121.542378
CA3910300,CSP CASWELL STATE PARK,NC,D1,TD,SAN JOAQUIN,GW,Neither,NA,NA,NA,NA,NA,NA,NA,NA
CA3910301,CARNEGIE SVRA,NC,D1,TD,SAN JOAQUIN,GW,Neither,NA,NA,NA,NA,NA,NA,NA,NA
CA3910302,SAN JOAQUIN FAIR - 2ND DISTRICT,NC,D1,TD,SAN JOAQUIN,SWP,Neither,n/a,n/a,NA,NA,NA,NA,n/a,n/a
CA3910701,"DEFENSE DISTRIB. DEPOT, SHARPE SITE",NTNC,D1,T2,SAN JOAQUIN,GW,Neither,NA,NA,NA,37.84060847,-121.2692429,FALSE,37.84060847,-121.2692429
CA3910702,DEFENSE DISTRIB. DEPOT - TRACY SITE,NTNC,D2,T1,SAN JOAQUIN,GW,Neither,NA,NA,NA,NA,NA,NA,NA,NA
CA3910803,CDCR CALIFORNIA HEALTH CARE FACILITY,C,D2,TD,SAN JOAQUIN,SWP,CVP,37.8948001,-121.1941073,NA,NA,NA,NA,37.8948001,-121.1941073
CA3990004,CITY OF LODI,NP,NA,There are no treatment plants,SAN JOAQUIN,NA,NA,NA,NA,NA,NA,NA,NA,NA,NA
CA3990005,CITY OF MANTECA-WQCF,NP,NA,There are no treatment plants,SAN JOAQUIN,NA,NA,NA,NA,NA,NA,NA,NA,NA,NA
CA3990008,LOCKEFORD CSD - RECLAIMED WATER SYSTEM,NP,NA,There are no treatment plants,SAN JOAQUIN,NA,NA,NA,NA,NA,NA,NA,NA,NA,NA
CA3990011,CITY OF TRACY RECYCLED WATER,NP,NA,There are no treatment plants,SAN JOAQUIN,NA,NA,NA,NA,NA,NA,NA,NA,NA,NA
CA3990012,CITY OF STOCKTON - WASTEWATER,NP,NA,There are no treatment plants,SAN JOAQUIN,NA,NA,NA,NA,NA,NA,NA,NA,NA,NA
CA3990015,CITY OF LATHROP - RECLAMATION,NP,NA,There are no treatment plants,SAN JOAQUIN,NA,NA,NA,NA,NA,NA,NA,NA,NA,NA
CA3990023,OAKWOOD LAKE WATER DISTRICT,NP,NA,There are no treatment plants,SAN JOAQUIN,NA,NA,NA,NA,NA,NA,NA,NA,NA,NA
CA3990027,CITY OF MOUNTAIN HOUSE RECYCLED WATER,NP,NA,There are no treatment plants,SAN JOAQUIN,NA,NA,NA,NA,NA,NA,NA,NA,NA,NA
CA3990901,FRENCH CAMP GOLF AND RV PARK,NP,NA,There are no treatment plants,SAN JOAQUIN,NA,NA,NA,NA,NA,NA,NA,NA,NA,NA
CA3990902,WINE CUP MOTOR COACH RESORT,NP,NA,There are no treatment plants,SAN JOAQUIN,NA,NA,NA,NA,NA,NA,NA,NA,NA,NA
CA3990903,PROLOGIS IPC II - RECLAMATION,NP,NA,There are no treatment plants,SAN JOAQUIN,NA,NA,NA,NA,NA,NA,NA,NA,NA,NA
