cws_ID,cws_name,type,dist_system_class,max_treatment_class,principal_county_served,primary_water_source_type,project_water,lat,long,within_legalDelta
CA0701706,LOS VAQUEROS MARINA BLDG,NC,D1,T2,CONTRA COSTA,SW,SWP,37.8088471,-121.7485802,
CA0701707,LOS VAQUEROS INTERPRETIVE CENTER,NC,D1,T2,CONTRA COSTA,SW,SWP,37.8470105,-121.7253647,
CA0706004,OAKLEY MUTUAL WATER COMPANY,C,D1,TD,CONTRA COSTA,GW,Neither,,,
CA0706005,FARRAR PARK PROPERTY OWNERS,C,D1,There are no treatment plants,CONTRA COSTA,GW,Neither,,,
CA0706018,CRUISER HAVEN MARINA,NC,NR,There are no treatment plants,CONTRA COSTA,GW,Neither,,,
CA0706022,BYRON UNITED METHODIST,NC,NR,There are no treatment plants,CONTRA COSTA,GW,Neither,,,
CA0706028,KNIGHTSEN ELEMENTARY SCHOOL,NTNC,D1,There are no treatment plants,CONTRA COSTA,GW,Neither,,,
CA0706029,EXCELSIOR MIDDLE SCHOOL,NTNC,D1,TD,CONTRA COSTA,GW,Neither,,,
CA0706030,NEW LIFE MARINA,NC,NR,There are no treatment plants,CONTRA COSTA,GW,Neither,,,
CA0706031,COUNTRY JUNCTION DELI,NC,NR,There are no treatment plants,CONTRA COSTA,GW,Neither,,,
CA0706032,BETHEL MISSIONARY BAPTIST,NC,NR,T1,CONTRA COSTA,GW,Neither,,,
CA0706034,HOLLAND RIVERSIDE MARINA,NC,NR,There are no treatment plants,CONTRA COSTA,GW,Neither,,,
CA0706037,BETHEL BAPTIST CHURCH,NC,NR,There are no treatment plants,CONTRA COSTA,GW,Neither,,,
CA0706045,WAHL FAMILY WATER SYSTEM,NC,NR,There are no treatment plants,CONTRA COSTA,GW,Neither,,,
CA0706049,BYRON ROADHOUSE,NC,NR,There are no treatment plants,CONTRA COSTA,GW,Neither,,,
CA0706050,WILLOW PASS BUSSINESS PARK WATER SYSTEM,NTNC,D1,TD,CONTRA COSTA,GW,Neither,,,
CA0706054,BETHEL MARKET,NC,NR,There are no treatment plants,CONTRA COSTA,GW,Neither,,,
CA0706056,DELTA SPORTSMAN,NC,NR,There are no treatment plants,CONTRA COSTA,GW,Neither,,,
CA0706059,GAS N SAVE,NC,NR,There are no treatment plants,CONTRA COSTA,GW,Neither,,,
CA0706102,BAY STANDARDS,NTNC,D1,There are no treatment plants,CONTRA COSTA,GW,Neither,,,
CA0706110,BYRON AIRPORT,NC,NR,There are no treatment plants,CONTRA COSTA,GW,Neither,,,
CA0706111,EBRPD LITTLE HILLS,NC,D1,TD,CONTRA COSTA,GW,Neither,,,
CA0706112,EBRPD ROUND VALLEY WATER SYSTEM,NC,D1,TD,CONTRA COSTA,GW,Neither,,,
CA0707501,ANGLER S RANCH #3,C,D1,There are no treatment plants,CONTRA COSTA,GW,Neither,,,
CA0707502,EBRPD BLACK DIAMOND MINES,NC,D1,TD,CONTRA COSTA,GW,Neither,,,
CA0707503,BETHEL HARBOR,NC,NR,There are no treatment plants,CONTRA COSTA,GW,Neither,,,
CA0707507,WILLOW PARK MARINA,C,D1,TD,CONTRA COSTA,GW,Neither,,,
CA0707509,DELTA BAR AND GRILL,NC,NR,There are no treatment plants,CONTRA COSTA,GW,Neither,,,
CA0707517,COLONIA SANTA MARIA,C,D1,There are no treatment plants,CONTRA COSTA,GW,Neither,,,
CA0707519,DUTCH SLOUGH WATER WORKS,C,D1,There are no treatment plants,CONTRA COSTA,GW,Neither,,,
CA0707521,BYRON CORNERS INC,NC,NR,T1,CONTRA COSTA,GW,Neither,,,
CA0707523,BETHEL ISLAND ESTATES,C,D1,TD,CONTRA COSTA,GW,Neither,,,
CA0707532,MCAVOY YACHT HARBOR,NC,NR,There are no treatment plants,CONTRA COSTA,GW,Neither,,,
CA0707534,BRENTWOOD MARINA,NC,NR,There are no treatment plants,CONTRA COSTA,GW,Neither,,,
CA0707542,CONCORD MT DIABLO TRAILRIDE ASSOC.,NC,D1,TD,CONTRA COSTA,GW,Neither,,,
CA0707545,ORWOOD RESORT,C,D1,There are no treatment plants,CONTRA COSTA,GW,Neither,,,
CA0707547,KNIGHTSEN COMMUNITY WATER SYSTEM,C,D1,TD,CONTRA COSTA,GW,Neither,,,
CA0707550,SUNSET MARINA,NC,NR,There are no treatment plants,CONTRA COSTA,GW,Neither,,,
CA0707553,RIVERVIEW MOBILE HOME PARK,C,D1,There are no treatment plants,CONTRA COSTA,GW,Neither,,,
CA0707556,SANDMOUND MUTUAL,C,D1,There are no treatment plants,CONTRA COSTA,GW,Neither,,,
CA0707564,MARIN FOOD SPECIALTIES,NC,D1,T1,CONTRA COSTA,GW,Neither,,,
CA0707569,ANGLERS SUBDIVISION 4,C,D1,There are no treatment plants,CONTRA COSTA,GW,Neither,,,
CA0707570,BRIDGEHEAD CAFE,NC,NR,T1,CONTRA COSTA,GW,Neither,,,
CA0707572,BETHEL ISLAND MUTUAL WATER CO,C,D1,There are no treatment plants,CONTRA COSTA,GW,Neither,,,
CA0707573,DELTA MUTUAL WATER COMPANY,C,D1,TD,CONTRA COSTA,GW,Neither,,,
CA0707575,BETHEL ISLAND MHC,C,D1,There are no treatment plants,CONTRA COSTA,GW,Neither,,,
CA0707576,PLEASANTIMES MUTUAL WATER CO,C,D1,There are no treatment plants,CONTRA COSTA,GW,Neither,,,
CA0707577,RIVERVIEW WATER ASSOCIATION,C,D1,There are no treatment plants,CONTRA COSTA,GW,Neither,,,
CA0707585,MORAGA HEIGHTS MUTUAL WATER,C,D1,T1,CONTRA COSTA,GW,Neither,,,
CA0707588,BIG OAK MOBILE HOME PARK WATER,C,D1,TD,CONTRA COSTA,GW,Neither,,,
CA0707589,BELLA VISTA WATER SYS,C,D1,There are no treatment plants,CONTRA COSTA,SWP,SWP,n/a,n/a,
CA0707592,SUGAR BARGE MARINA,NC,NR,There are no treatment plants,CONTRA COSTA,GW,Neither,,,
CA0707594,CASA MEDANOS WATER SYSTEM,C,D1,TD,CONTRA COSTA,GW,Neither,,,
CA0707595,BYRON INN,NC,NR,There are no treatment plants,CONTRA COSTA,GW,Neither,,,
CA0707597,SANDY POINT MOBILE HOME PARK,C,D1,There are no treatment plants,CONTRA COSTA,GW,Neither,,,
CA0707598,CAMINO MOBILEHOME,C,D1,There are no treatment plants,CONTRA COSTA,GW,Neither,,,
CA0707601,RUSSOS MOBILE PARK,C,D1,There are no treatment plants,CONTRA COSTA,GW,Neither,,,
CA0707603,CLAYTON PALMS WATER,C,D1,There are no treatment plants,CONTRA COSTA,SWP,SWP,n/a,n/a,
CA0707608,MARINA MOBILE MANOR,C,D1,There are no treatment plants,CONTRA COSTA,GW,Neither,,,
CA0707613,WILLOW MOBILE HOME PARK,C,D1,TD,CONTRA COSTA,GW,Neither,,,
CA0707615,DOUBLETREE RANCH WATER SYSTEM,C,D1,T1,CONTRA COSTA,GW,Neither,,,
CA0707617,WILDWOOD ACRES RESORT,NC,NR,There are no treatment plants,CONTRA COSTA,GW,Neither,,,
CA0707620,CANYON SCHOOL,NTNC,D1,T1,CONTRA COSTA,GW,Neither,,,
CA0707623,WILCOX STATION RANCH,C,D1,TD,CONTRA COSTA,GW,Neither,,,
CA0707630,WILLOWEST MARINA WS,NC,NR,There are no treatment plants,CONTRA COSTA,GW,Neither,,,
CA0707639,OLD BORGES RANCH WATER SYS,NC,NR,There are no treatment plants,CONTRA COSTA,GW,Neither,,,
CA0707643,EBRPD OLD BRIONES REGIONAL PARK,NC,D1,TD,CONTRA COSTA,GW,Neither,,,
CA0707644,EBRPD ALHAMBRA,NC,D1,TD,CONTRA COSTA,GW,Neither,,,
CA0707800,ALL STAR ACADEMY OF DANVILLE,NC,NR,There are no treatment plants,CONTRA COSTA,GW,Neither,,,
CA0707900,EBRPD MORGAN TERRITORY,NC,D1,TD,CONTRA COSTA,GW,Neither,,,
CA0707915,TESS FARM MARKET,NC,NR,There are no treatment plants,CONTRA COSTA,GW,Neither,,,
CA0708000,EBRPD BAY POINT REGIONAL SHORELINE,NC,NR,There are no treatment plants,CONTRA COSTA,GW,Neither,,,
CA0710001,CITY OF ANTIOCH,C,D5,T5,CONTRA COSTA,SW,CVP,37.97981055,-121.7965965,
CA0710002,GOLDEN STATE WATER COMPANY - BAY POINT,C,D3,T1,CONTRA COSTA,SWP,CVP,38.02903336,-121.9590112,
CA0710003,CONTRA COSTA WATER DISTRICT,C,D5,T5,CONTRA COSTA,SW,CVP,37.95794678,-121.8965605,
CA0710004,BRENTWOOD,C,D5,TD,CONTRA COSTA,SWP,SWP,n/a,n/a,
CA0710006,CITY OF MARTINEZ,C,D3,T5,CONTRA COSTA,SWP,CVP,37.99612361,-122.1218261,
CA0710007,DIABLO WATER DISTRICT,C,D3,T2,CONTRA COSTA,SWP,CVP,37.99278668,-121.69553,
CA0710008,CITY OF PITTSBURG,C,D4,T5,CONTRA COSTA,SWP,CVP,38.01898107,-121.8968998,
CA0710009,TOWN OF DISCOVERY BAY,C,D3,T2,CONTRA COSTA,GW,Neither,,,
CA0710010,RANDALL-BOLD WATER TREATMENT PLANT,C,NR,T5,CONTRA COSTA,SWP,CVP,37.9799528,-121.7361977,
CA0710011,CCWD/BRENTWOOD WTP,C,NR,T5,CONTRA COSTA,SWP,CVP,37.9798989,-121.734343,
CA0710300,MOUNT DIABLO STATE PARK,NC,NR,Operator is not required,CONTRA COSTA,GW,Neither,,,
CA0710800,DWR DELTA FIELD DIVISION - BANKS PP,NTNC,D1,T2,CONTRA COSTA,SW,Neither,,,
CA0790001,EBMUD,NP,,There are no treatment plants,CONTRA COSTA,Not listed ,Neither,,,
CA0790002,CENTRAL CONTRA COSTA SANITARY DISTRICT,NP,,There are no treatment plants,CONTRA COSTA,Not listed ,Neither,,,
CA0790003,LAMORINDA RECYCLED WATER PROJECT,NP,,There are no treatment plants,CONTRA COSTA,Not listed ,Neither,,,
CA0790004,DDSD RECYCLING PROJECT,NP,,There are no treatment plants,CONTRA COSTA,Not listed ,Neither,,,
CA0790005,CITY OF BRENTWOOD RECYCLING PROJECT,NP,,There are no treatment plants,CONTRA COSTA,Not listed ,Neither,,,
CA0790006,IRONHOUSE SD WATER RECYCLING FACILITY,NP,,There are no treatment plants,CONTRA COSTA,Not listed ,Neither,,,
CA0790007,MT. VIEW SANITARY DISTRICT,NP,,There are no treatment plants,CONTRA COSTA,Not listed ,Neither,,,
CA0790009,TOWN OF DISCOVERY BAY,NP,,There are no treatment plants,CONTRA COSTA,Not listed ,Neither,,,
,,,,,,,,,,
CA3400100,ALAMAR MARINA,NC,NR,There are no treatment plants,SACRAMENTO,GW,Neither,,,
CA3400101,HOOD WATER MAINTENCE DIST [SWS],C,D2,T2,SACRAMENTO,GW,Neither,,,
CA3400103,B & W RESORT MARINA,C,D1,There are no treatment plants,SACRAMENTO,GW,Neither,,,
CA3400106,EAST WALNUT GROVE [SWS],C,D2,T2,SACRAMENTO,GW,Neither,,,
CA3400107,RIVER'S EDGE MARINA & RESORT,C,D1,There are no treatment plants,SACRAMENTO,GW,Neither,,,
CA3400113,CLIFF'S MARINA,NC,NR,There are no treatment plants,SACRAMENTO,GW,Neither,,,
CA3400117,DISCOVERY PARK [SWS],NC,NR,There are no treatment plants,SACRAMENTO,GW,Neither,,,
CA3400119,EDDO'S HARBOR & R V PARK,NC,NR,There are no treatment plants,SACRAMENTO,GW,Neither,,,
CA3400121,EL DORADO MOBILE HOME PARK,C,D1,There are no treatment plants,SACRAMENTO,GW,Neither,,,
CA3400122,EL DORADO WEST MHP,C,D1,There are no treatment plants,SACRAMENTO,GW,Neither,,,
CA3400123,ELKHORN BOAT LAUNCH [SWS],NC,NR,There are no treatment plants,SACRAMENTO,GW,Neither,,,
CA3400125,FREEPORT MARINA,C,D1,T2,SACRAMENTO,GW,Neither,,,
CA3400128,HAPPY HARBOR (SWS),C,D1,There are no treatment plants,SACRAMENTO,GW,Neither,,,
CA3400130,MAGNOLIA MUTUAL WATER,C,D1,There are no treatment plants,SACRAMENTO,GW,Neither,,,
CA3400131,ELKHORN I-5 REST AREA,NC,NR,TD,SACRAMENTO,GW,Neither,,,
CA3400133,KO-KET RESORT,NC,NR,There are no treatment plants,SACRAMENTO,GW,Neither,,,
CA3400135,KORTHS PIRATES LAIR,C,D1,T2,SACRAMENTO,GW,Neither,,,
CA3400137,LINCOLN CHAN-HOME RANCH,C,D1,There are no treatment plants,SACRAMENTO,GW,Neither,,,
CA3400138,LOCKE WATER WORKS CO [SWS],C,D1,There are no treatment plants,SACRAMENTO,GW,Neither,,,
CA3400139,SACRAMENTO INTERNATIONAL AIRPORT [SWS],NTNC,D4,There are no treatment plants,SACRAMENTO,SWP,Neither,,,
CA3400141,RIVERBOAT MARINA,NC,NR,T2,SACRAMENTO,GW,Neither,,,
CA3400147,PERRY'S BOAT HARBOR,NC,NR,There are no treatment plants,SACRAMENTO,GW,Neither,,,
CA3400149,RANCHO MARINA,C,D1,T2,SACRAMENTO,GW,Neither,,,
CA3400151,RYDE HOTEL,NC,NR,There are no treatment plants,SACRAMENTO,GW,Neither,,,
CA3400155,SEQUOIA WATER ASSOC,C,D1,There are no treatment plants,SACRAMENTO,GW,Neither,,,
CA3400156,SOUTHWEST TRACT W M D [SWS],C,D2,There are no treatment plants,SACRAMENTO,GWP,Neither,,,
CA3400164,"VIEIRA'S RESORT, INC",C,D1,T2,SACRAMENTO,GW,Neither,,,
CA3400166,WALNUT GROVE MARINA,NC,NR,There are no treatment plants,SACRAMENTO,GW,Neither,,,
CA3400167,WILLOW BERM MARINA,NC,NR,T2,SACRAMENTO,GW,Neither,,,
CA3400169,SPINDRIFT MARINA,C,D1,T2,SACRAMENTO,GW,Neither,,,
CA3400172,TOKAY PARK WATER CO,C,D1,There are no treatment plants,SACRAMENTO,GW,Neither,,,
CA3400173,NORTHGATE 880 [SWS],NTNC,D4,There are no treatment plants,SACRAMENTO,GW,Neither,,,
CA3400179,MC CLELLAN MHP,C,D1,There are no treatment plants,SACRAMENTO,GW,Neither,,,
CA3400180,BRANCH CENTER [SWS],NTNC,D2,T2,SACRAMENTO,GW,Neither,,,
CA3400181,LAGUNA DEL SOL INC,C,D1,There are no treatment plants,SACRAMENTO,GW,Neither,,,
CA3400190,IMPERIAL MANOR MOBILEHOME COMMUNITY,C,D1,There are no treatment plants,SACRAMENTO,GW,Neither,,,
CA3400191,ELEVEN OAKS MOBILE HOME COMMUNITY,C,D1,There are no treatment plants,SACRAMENTO,GW,Neither,,,
CA3400192,TUNNEL TRAILER PARK,C,D1,There are no treatment plants,SACRAMENTO,GW,Neither,,,
CA3400201,COUNTRYSIDE DRIVE-IN,NC,NR,There are no treatment plants,SACRAMENTO,GW,Neither,,,
CA3400202,"THE NEW WRANGLER, INC",NC,NR,There are no treatment plants,SACRAMENTO,GW,Neither,,,
CA3400206,5 BROS (FORMERLY BRANNAN'S ISLAND MARIN),NC,NR,There are no treatment plants,SACRAMENTO,GW,Neither,,,
CA3400208,SAC VALLEY TRUCK STOP,NC,NR,There are no treatment plants,SACRAMENTO,GW,Neither,,,
CA3400217,HOMETOWN COLONIAL ESTATES LLC,C,D1,There are no treatment plants,SACRAMENTO,GW,Neither,,,
CA3400226,VIRGIN STURGEON,NC,NR,There are no treatment plants,SACRAMENTO,GW,Neither,,,
CA3400229,RIO COSUMNES CORRECTIONAL CENTER [SWS],C,D2,T3,SACRAMENTO,GW,Neither,,,
CA3400232,RANCHO SECO NGS (SMUD),NTNC,D1,There are no treatment plants,SACRAMENTO,GW,Neither,,,
CA3400240,H C MUDDOX CO,NTNC,D1,There are no treatment plants,SACRAMENTO,GW,Neither,,,
CA3400248,FRANKLIN ELEMENTARY SCHOOL,NTNC,D1,T2,SACRAMENTO,GW,Neither,,,
CA3400250,PLEASANT GROVE ELEMENTARY SCHOOL,NTNC,D1,There are no treatment plants,SACRAMENTO,GW,Neither,,,
CA3400251,SIERRA ENTERPRISE ELEMENTARY SCHOOL,NTNC,D1,There are no treatment plants,SACRAMENTO,GW,Neither,,,
CA3400253,COSUMNES RIVER ELEMENTARY SCHOOL,NTNC,D1,There are no treatment plants,SACRAMENTO,GW,Neither,,,
CA3400254,DILLARD ELEMENTARY SCHOOL,NTNC,D2,There are no treatment plants,SACRAMENTO,GW,Neither,,,
CA3400267,BATES ELEMENTARY SCHOOL,NTNC,D1,There are no treatment plants,SACRAMENTO,GW,Neither,,,
CA3400268,WALNUT GROVE ELEMENTARY SCHOOL,NTNC,D1,There are no treatment plants,SACRAMENTO,GW,Neither,,,
CA3400271,ARCOHE ELEM SCHOOL - MAIN CAMPUS,NTNC,D1,There are no treatment plants,SACRAMENTO,GW,Neither,,,
CA3400273,WILTON BIBLE CHURCH,NTNC,D1,There are no treatment plants,SACRAMENTO,GW,Neither,,,
CA3400278,AMERICAN RIVER COLLEGE,NTNC,D2,There are no treatment plants,SACRAMENTO,GW,Neither,,,
CA3400283,VALLEY HI COUNTRY CLUB,NC,NR,There are no treatment plants,SACRAMENTO,GW,Neither,,,
CA3400286,CORDOVA GOLF COURSE,NC,NR,There are no treatment plants,SACRAMENTO,GW,Neither,,,
CA3400296,SAC CITY MOBILE HOME COMMUNITY LP,C,D1,There are no treatment plants,SACRAMENTO,GW,Neither,,,
CA3400297,GIBSON RANCH COUNTY PARK,NC,NR,There are no treatment plants,SACRAMENTO,GW,Neither,,,
CA3400302,RANCHO SECO PARK,NC,NR,There are no treatment plants,SACRAMENTO,GW,Neither,,,
CA3400303,DELTA BEACH RESORTS [SWS],NC,NR,There are no treatment plants,SACRAMENTO,GW,Neither,,,
CA3400331,WESTERNER MOBILE HOME PARK,C,D1,There are no treatment plants,SACRAMENTO,GW,Neither,,,
CA3400333,SWABBIES,NC,NR,There are no treatment plants,SACRAMENTO,GW,Neither,,,
CA3400334,COURTLAND BOARDWALK,NC,NR,There are no treatment plants,SACRAMENTO,GW,Neither,,,
CA3400335,HOLIDAY MOBILE VILLAGE,C,D1,There are no treatment plants,SACRAMENTO,GW,Neither,,,
CA3400336,BROOKSIDE EQUESTRIAN PARK,NC,NR,There are no treatment plants,SACRAMENTO,GW,Neither,,,
CA3400342,KIEFER LANDFILL [SWS],NTNC,D2,There are no treatment plants,SACRAMENTO,GW,Neither,,,
CA3400356,OWL HARBOR,NC,NR,There are no treatment plants,SACRAMENTO,GW,Neither,,,
CA3400358,"6200 FRANKLIN, LLC (SWS)",NTNC,D1,T2,SACRAMENTO,GW,Neither,,,
CA3400364,JEAN HARVIE SCHOOL [SWS],NTNC,D1,T2,SACRAMENTO,GW,Neither,,,
CA3400374,DUCK ISLAND RV PARK,NC,NR,There are no treatment plants,SACRAMENTO,GW,Neither,,,
CA3400375,SLAVIC MISSIONARY CHURCH INC,NC,NR,There are no treatment plants,SACRAMENTO,GW,Neither,,,
CA3400376,SLOUGHHOUSE INN,NC,NR,There are no treatment plants,SACRAMENTO,GW,Neither,,,
CA3400377,PARK DELTA BAY,NC,NR,T2,SACRAMENTO,GW,Neither,,,
CA3400379,SILVA'S SHELDON INN,NC,NR,There are no treatment plants,SACRAMENTO,GW,Neither,,,
CA3400380,BERT'S DINER,NC,NR,There are no treatment plants,SACRAMENTO,GW,Neither,,,
CA3400382,BRADSHAW RANCH GOLF COURSE INC,NC,NR,There are no treatment plants,SACRAMENTO,GW,Neither,,,
CA3400383,BUILDING TRADES ASSOC,NC,NR,There are no treatment plants,SACRAMENTO,GW,Neither,,,
CA3400393,NORTH RIDGE COUNTRY CLUB,NC,NR,There are no treatment plants,SACRAMENTO,GW,Neither,,,
CA3400394,DELTA SHORES RESORT,NTNC,D1,There are no treatment plants,SACRAMENTO,GW,Neither,,,
CA3400396,TEAL BEND GOLF COURSE,NC,NR,There are no treatment plants,SACRAMENTO,GW,Neither,,,
CA3400397,LAGUNA VILLAGE RV PARK,C,D1,There are no treatment plants,SACRAMENTO,GW,Neither,,,
CA3400401,PLANTATION MOBILE HOME PARK,C,D1,There are no treatment plants,SACRAMENTO,GW,Neither,,,
CA3400402,MOORE LEARNING (FORMERLY SHELDON ACRES),NTNC,D1,There are no treatment plants,SACRAMENTO,GW,Neither,,,
CA3400410,SHELDON TRADING POST,NC,NR,There are no treatment plants,SACRAMENTO,GW,Neither,,,
CA3400416,PAPE MACHINERY,NTNC,NR,There are no treatment plants,SACRAMENTO,GW,Neither,,,
CA3400417,GRANT LINE KITCHEN LLC.,NC,NR,There are no treatment plants,SACRAMENTO,GW,Neither,,,
CA3400418,CANNERY LANDING,NC,NR,There are no treatment plants,SACRAMENTO,GW,Neither,,,
CA3400419,HAPPY BAR,NC,NR,T2,SACRAMENTO,GW,Neither,,,
CA3400420,RIO VIENTO RV CAMP [SWS],NC,NR,T2,SACRAMENTO,GW,Neither,,,
CA3400424,JACKSON SHELL (SWS),NC,NR,There are no treatment plants,SACRAMENTO,GW,Neither,,,
CA3400425,SACRAMENTO RENDERING,NTNC,D1,There are no treatment plants,SACRAMENTO,GW,Neither,,,
CA3400428,TRAP THE (SWS),NC,NR,There are no treatment plants,SACRAMENTO,GW,Neither,,,
CA3400429,ADESA OF SACRAMENTO,NTNC,D1,There are no treatment plants,SACRAMENTO,GW,Neither,,,
CA3400432,COSUMNES RIVER PRESERVE VISITOR (BLM),NC,NR,T1,SACRAMENTO,GW,Neither,,,
CA3400433,EDGEWATER MOBILE HOME PARK,C,D1,T2,SACRAMENTO,GW,Neither,,,
CA3400434,CARSON LANDSCAPE INDUSTRIES,NTNC,D1,There are no treatment plants,SACRAMENTO,GW,Neither,,,
CA3400435,WILTON CHEVRON,NC,NR,There are no treatment plants,SACRAMENTO,GW,Neither,,,
CA3400441,FREEPORT VENTURES,NC,NR,There are no treatment plants,SACRAMENTO,GW,Neither,,,
CA3400443,RICK'S HACIENDA (SWS),NC,NR,There are no treatment plants,SACRAMENTO,GW,Neither,,,
CA3400444,SHERMAN ISLAND MARINA,NC,NR,There are no treatment plants,SACRAMENTO,GW,Neither,,,
CA3400448,SAN ANDREAS RV PARK,NC,NR,There are no treatment plants,SACRAMENTO,GW,Neither,,,
CA3400451,TEICHERT PERKINS,NC,NR,There are no treatment plants,SACRAMENTO,GW,Neither,,,
CA3400452,SILVERADO WATER SYSTEM,NTNC,D1,There are no treatment plants,SACRAMENTO,GW,Neither,,,
CA3400453,"MATSUDA'S BY GREEN ACRES, LLC",NTNC,D1,There are no treatment plants,SACRAMENTO,GW,Neither,,,
CA3400454,VILLAGE BRADSHAW,NTNC,D1,There are no treatment plants,SACRAMENTO,GW,Neither,,,
CA3400455,GRAND ISLAND MANSION,NC,NR,There are no treatment plants,SACRAMENTO,GW,Neither,,,
CA3400456,STAFFORD MEAT COMPANY,NTNC,D1,There are no treatment plants,SACRAMENTO,GW,Neither,,,
CA3400457,FLYING V STATION,NC,NR,There are no treatment plants,SACRAMENTO,GW,Neither,,,
CA3400458,ROMA'S PIZZERIA,NC,NR,There are no treatment plants,SACRAMENTO,GW,Neither,,,
CA3400459,ON THE Y,NC,NR,There are no treatment plants,SACRAMENTO,GW,Neither,,,
CA3400460,CHURCH OF JESUS CHRIST OF LDS (SWS),NC,NR,There are no treatment plants,SACRAMENTO,GW,Neither,,,
CA3400461,DELTA FARMER'S MARKET,NC,NR,There are no treatment plants,SACRAMENTO,GW,Neither,,,
CA3400462,KING'S SKATE COUNTRY,NC,NR,There are no treatment plants,SACRAMENTO,GW,Neither,,,
CA3400463,NATOMAS GOLF CENTER,NC,NR,There are no treatment plants,SACRAMENTO,GW,Neither,,,
CA3400464,"RIVER CITY RECOVERY CENTER, INC. (SWS)",NC,NR,There are no treatment plants,SACRAMENTO,GW,Neither,,,
CA3400465,STS,NC,NR,There are no treatment plants,SACRAMENTO,GW,Neither,,,
CA3400466,SUBWAY SANDWICH,NC,NR,There are no treatment plants,SACRAMENTO,GW,Neither,,,
CA3400467,ST MARIA GORETTI PARISH (SWS),NC,NR,There are no treatment plants,SACRAMENTO,GW,Neither,,,
CA3400469,DILLARD STORE (SWS),NC,NR,There are no treatment plants,SACRAMENTO,GW,Neither,,,
CA3400470,APRO 1966 (SWS),NC,NR,There are no treatment plants,SACRAMENTO,GW,Neither,,,
CA3400471,POINT PLEASANT CHURCH,NC,NR,There are no treatment plants,SACRAMENTO,GW,Neither,,,
CA3400473,METRO AIR PARK WATER SYSTEM,NTNC,D1,There are no treatment plants,SACRAMENTO,SWP,Neither,,,
CA3400474,SCRIBNER BEND VINEYARD,NC,NR,There are no treatment plants,SACRAMENTO,GW,Neither,,,
CA3400475,HEDGE TRAINING FACILITY,NTNC,D1,There are no treatment plants,SACRAMENTO,GW,Neither,,,
CA3400477,LOU'S DRIVE-IN NO.2,NC,NR,There are no treatment plants,SACRAMENTO,GW,Neither,,,
CA3400478,TAQUERIA EL AHIJADO NELO,NC,NR,There are no treatment plants,SACRAMENTO,GW,Neither,,,
CA3410001,SACRAMENTO SUBURBAN WATER DISTRICT,C,D4,T2,SACRAMENTO,SWP,CVP,38.64738312,-121.3702067,
CA3410002,SCWA - ARDEN PARK VISTA,C,D2,T2,SACRAMENTO,GW,Neither,,,
CA3410003,GOLDEN STATE WATER CO - ARDEN WATER SERV,C,D2,T1,SACRAMENTO,GW,Neither,,,
CA3410004,CARMICHAEL WATER DISTRICT,C,D3,T5,SACRAMENTO,GU,Neither,,,
CA3410005,RANCHO MURIETA COMMUNITY SERVI,C,D2,T3,SACRAMENTO,SW,Neither,,,
CA3410006,CITRUS HEIGHTS WATER DISTRICT,C,D4,TD,SACRAMENTO,SWP,CVP,38.6940315,-121.2703805,
CA3410007,SSWD - DEL PASO MANOR SERVICE AREA,C,D2,T2,SACRAMENTO,GW,Neither,,,
CA3410008,ELK GROVE WATER DISTRICT,C,D3,T3,SACRAMENTO,SWP,Neither,,,
CA3410009,FAIR OAKS WATER DISTRICT,C,D3,TD,SACRAMENTO,SWP,CVP,38.65352369,-121.2496606,
CA3410010,CAL AM - SUBURBAN ROSEMONT,C,D4,T2,SACRAMENTO,SWP,CVP,38.55544192,-121.3406016,
CA3410011,"GALT, CITY OF",C,D3,T2,SACRAMENTO,GW,Neither,,,
CA3410012,CAL AM - ISLETON,C,D2,T2,SACRAMENTO,GW,Neither,,,
CA3410013,CAL AM - LINCOLN OAKS,C,D3,T2,SACRAMENTO,SWP,CVP,38.69382191,-121.3182968,
CA3410014,"FOLSOM, CITY OF - MAIN",C,D4,T5,SACRAMENTO,SW,CVP,38.6439268,-121.1549122,
CA3410015,GOLDEN STATE WATER CO. - CORDOVA,C,D3,T4,SACRAMENTO,SW,Neither,,,
CA3410016,ORANGE VALE WATER COMPANY,C,D3,There are no treatment plants,SACRAMENTO,SWP,CVP,38.68482932,-121.221233,
CA3410017,CAL AM - PARKWAY,C,D3,T3,SACRAMENTO,SWP,CVP,38.47817034,-121.410076,
CA3410018,RIO LINDA/ELVERTA COMMUNITY WATER DIST,C,D3,T1,SACRAMENTO,GW,Neither,,,
CA3410020,CITY OF SACRAMENTO MAIN,C,D4,T5,SACRAMENTO,SW,Neither,,,
CA3410021,SAN JUAN WATER DISTRICT,C,D4,T5,SACRAMENTO,SW,CVP,38.73124949,-121.1962412,
CA3410022,OLYMPIA MOBILODGE,C,D1,There are no treatment plants,SACRAMENTO,GW,Neither,,,
CA3410023,CAL AM - FRUITRIDGE VISTA,C,D3,T2,SACRAMENTO,SWP,Neither,,,
CA3410026,CALIFORNIA STATE FAIR,C,D1,TD,SACRAMENTO,GW,Neither,,,
CA3410027,CAL AM - SECURITY PARK,NTNC,D1,T1,SACRAMENTO,SWP,Neither,,,
CA3410029,SCWA - LAGUNA/VINEYARD,C,D5,T5,SACRAMENTO,SW,Neither,,,
CA3410030,"FOLSOM, CITY OF - ASHLAND",C,D2,There are no treatment plants,SACRAMENTO,SWP,CVP,38.69935035,-121.1735847,
CA3410031,CAL AM - ANTELOPE,C,D3,T2,SACRAMENTO,SWP,CVP,38.71628387,-121.3829763,
CA3410032,FOLSOM STATE PRISON,C,D2,T3,SACRAMENTO,SW,CVP,38.69457303,-121.1565949,
CA3410033,FLORIN COUNTY WATER DISTRICT,C,D2,T1,SACRAMENTO,GW,Neither,,,
CA3410035,LIGHTHOUSE MARINA RESTAURANT & RESORT,NC,NR,T2,SACRAMENTO,GW,Neither,,,
CA3410045,CAL AM - ARDEN,C,D2,T1,SACRAMENTO,SWP,SWP,38.6532508,-121.4254809,
CA3410047,CAL AM - WALNUT GROVE,C,D1,T2,SACRAMENTO,GW,Neither,,,
CA3410301,FOLSOM LAKE SRA - MISSISSIPPI BAR,NC,D1,There are no treatment plants,SACRAMENTO,GW,Neither,,,
CA3410302,BRANNAN ISLAND STATE REC. AREA,NC,D1,T1,SACRAMENTO,GW,Neither,,,
CA3410303,PRAIRIE CITY SVRA,NC,D1,T1,SACRAMENTO,GW,Neither,,,
CA3410704,SCWA MATHER-SUNRISE,C,D3,T2,SACRAMENTO,SWP,SWP,38.5516096,-121.3364783,
CA3410802,RICHARD A. MCGEE TRAINING CENTER,NTNC,D1,T2,SACRAMENTO,GW,Neither,,,
CA3490001,SACRAMENTO REGIONAL COUNTY SAN. DISTRICT,NP,,There are no treatment plants,SACRAMENTO,,,,,
CA3490002,RANCHO MURIETA COMMUNITY SERVICE DISTRIC,NP,,There are no treatment plants,SACRAMENTO,,,,,
CA3490003,SACRAMENTO CO. AIRPORT - RECYC WATER,NP,,There are no treatment plants,SACRAMENTO,,,,,
CA3490004,CITY OF GALT WW TREATMENT PLANT,NP,,There are no treatment plants,SACRAMENTO,,,,,
,,,,,,,,,,
CA5700504,AMERICAS BEST VALUE INN,NC,NR,There are no treatment plants,YOLO,GW,Neither,,,
CA5700506,ROAD TRIP BAR & GRILL,NC,NR,There are no treatment plants,YOLO,GW,Neither,,,
CA5700508,OLD SUGAR MILL WINERY,NTNC,D1,T1,YOLO,GW,Neither,,,
CA5700509,CLARKSBURG MIDDLE SCHOOL,NTNC,D1,TD,YOLO,GW,Neither,,,
CA5700510,DELTA HIGH SCHOOL,NTNC,D1,There are no treatment plants,YOLO,GW,Neither,,,
CA5700514,BOGLE FAMILY LIMITED PARTNER,NTNC,D1,T1,YOLO,GW,Neither,,,
CA5700516,HERINGER ESTATES WINERY,NC,NR,There are no treatment plants,YOLO,GW,Neither,,,
CA5700518,CASA RUIZ,NC,NR,T1,YOLO,GW,Neither,,,
CA5700521,HOLLAND MARKET,NC,NR,There are no treatment plants,YOLO,GW,Neither,,,
CA5700522,MINER'S LEAP WINERY,NC,NR,There are no treatment plants,YOLO,GW,Neither,,,
CA5700523,BOGLE VINEYARDS TASTING ROOM,NTNC,NR,There are no treatment plants,YOLO,GW,Neither,,,
CA5700528,ST JOSEPH'S CHURCH,NC,NR,There are no treatment plants,YOLO,GW,Neither,,,
CA5700532,YOLO BYPASS WILDLIFE AREA,NC,NR,There are no treatment plants,YOLO,GW,Neither,,,
CA5700537,HARRIS MORAN SEED COMPANY - WATER,NTNC,D1,T1,YOLO,GW,Neither,,,
CA5700539,DAVIS MIGRANT CENTER (CIUDAD DEL SOL),NTNC,D1,TD,YOLO,GW,Neither,,,
CA5700542,TEICHERT CONSTRUCTION,NTNC,D1,TD,YOLO,GW,Neither,,,
CA5700543,YOLO FRUIT STAND - WATER,NC,NR,There are no treatment plants,YOLO,GW,Neither,,,
CA5700552,PILOT TRAVEL CENTER #168 - WATER,NTNC,D1,T1,YOLO,GW,Neither,,,
CA5700554,CAMPERS INN - RV & GOLF COURSE,C,D1,TD,YOLO,GW,Neither,,,
CA5700555,BONFIRE VILLAGE HOTEL,C,NR,There are no treatment plants,YOLO,GW,Neither,,,
CA5700556,CALTRANS-DUNIGAN RS,NC,D1,T1,YOLO,GW,Neither,,,
CA5700558,EXCEL GAS AND MARKET,NC,NR,T1,YOLO,GW,Neither,,,
CA5700562,JACK IN THE BOX #3465,NC,NR,There are no treatment plants,YOLO,GW,Neither,,,
CA5700568,RRG GARDEN FARMING OPERATIONS,NC,NR,There are no treatment plants,YOLO,GW,Neither,,,
CA5700571,MADISON SERVICE DIST,C,D1,TD,YOLO,GW,Neither,,,
CA5700584,SACWEST RV PARK AND CAMPGROUND,NC,NR,TD,YOLO,GW,Neither,,,
CA5700588,SACRAMENTO YACHT CLUB,NC,NR,There are no treatment plants,YOLO,GW,Neither,,,
CA5700597,HUSICKS,NC,NR,There are no treatment plants,YOLO,GW,Neither,,,
CA5700598,SILT WINE COMPANY,NC,NR,There are no treatment plants,YOLO,GW,Neither,,,
CA5700608,CANYON CREEK RESORT,NC,D1,T3,YOLO,SW,Neither,38.5154919,-122.0938957,
CA5700615,YOLO CO HOUSING AUTHORITY-EL RIO VILLA,C,D1,TD,YOLO,GW,Neither,,,
CA5700616,INN AT PARK WINTERS,NC,NR,There are no treatment plants,YOLO,GW,Neither,,,
CA5700617,MARIANI NUT COMPANY - BUCKEYE RD,NTNC,D1,T1,YOLO,GW,Neither,,,
CA5700618,BERRYESSA BREWING COMPANY,NC,NR,T1,YOLO,GW,Neither,,,
CA5700623,DAVIS JUSD - FAIRFIELD SCHOOL,NTNC,D1,There are no treatment plants,YOLO,GW,Neither,,,
CA5700636,PACIFIC COAST PRODUCERS,NC,D1,TD,YOLO,GW,Neither,,,
CA5700643,PLAINFIELD ELEM SCHOOL - WATER,NTNC,D1,TD,YOLO,GW,Neither,,,
CA5700652,YOLO FLIERS CLUB,NTNC,D1,TD,YOLO,GW,Neither,,,
CA5700653,YOLO SPORTSMEN'S ASSOC,NC,NR,There are no treatment plants,YOLO,GW,Neither,,,
CA5700700,CACHEVILLE SERVICE DIST,C,D1,TD,YOLO,GW,Neither,,,
CA5700701,FIRST BAPTIST CHURCH,NC,NR,There are no treatment plants,YOLO,GW,Neither,,,
CA5700707,ROLLING ACRES MUTUAL WATER COMPANY,C,D1,There are no treatment plants,YOLO,GW,Neither,,,
CA5700712,CAL AM - DUNNIGAN,C,D1,T1,YOLO,GW,Neither,,,
CA5700713,CACHE CREEK CANYON-MIDDLE SITE,NC,D1,TD,YOLO,GW,Neither,,,
CA5700714,YOLO CO AIRPORT,NTNC,D1,TD,YOLO,GW,Neither,,,
CA5700728,RUSTIC BAR-B-Q,NC,NR,There are no treatment plants,YOLO,GW,Neither,,,
CA5700729,CEJA-REYES INC,NC,NR,There are no treatment plants,YOLO,GW,Neither,,,
CA5700730,CREW WINE COMPANY,NTNC,D1,There are no treatment plants,YOLO,GW,Neither,,,
CA5700734,DOLLAR GENERAL STORE #16171,NC,NR,There are no treatment plants,YOLO,GW,Neither,,,
CA5700737,CAPAY OPEN SPACE PARK,NC,NR,There are no treatment plants,YOLO,GW,Neither,,,
CA5700741,UNITED TRAVEL PLAZA,NC,NR,There are no treatment plants,YOLO,GW,Neither,,,
CA5700744,TABER RANCH EVENT CENTER & VINEYARD,NC,NR,There are no treatment plants,YOLO,GW,Neither,,,
CA5700748,FULL BELLY FARM,NTNC,D1,There are no treatment plants,YOLO,GW,Neither,,,
CA5700751,DUNNIGAN CHEVRON,NC,NR,There are no treatment plants,YOLO,GW,Neither,,,
CA5700754,THE MAPLES,NTNC,D1,Operator is not required,YOLO,GW,Neither,,,
CA5700757,GRASSLAND PARK HOST WELL (OLD YOLO BOWME,NC,NR,There are no treatment plants,YOLO,GW,Neither,,,
CA5700758,SAKATA SEED WOODLAND STATION,NTNC,D1,TD,YOLO,GW,Neither,,,
CA5700761,CLARK PACIFIC - CR 18C,NTNC,D1,T1,YOLO,GW,Neither,,,
CA5700763,ELKHORN REGIONAL PARK,NC,NR,There are no treatment plants,YOLO,GW,Neither,,,
CA5700764,SYNGENTA SEEDS LLC,NTNC,D1,T1,YOLO,GW,Neither,,,
CA5700768,WILBUR-ELLIS COMPANY LLC,NTNC,D1,T1,YOLO,GW,Neither,,,
CA5700773,UNITARIAN CHURCH OF DAVIS,NTNC,D1,There are no treatment plants,YOLO,GW,Neither,,,
CA5700774,SHERWOOD HARBOR MARINA,NC,NR,There are no treatment plants,YOLO,GW,Neither,,,
CA5700778,YOLO CO CENTRAL LANDFILL,NTNC,D1,T1,YOLO,GW,Neither,,,
CA5700784,GRACE VALLEY CHRISTIAN CENTER,NTNC,D1,There are no treatment plants,YOLO,GW,Neither,,,
CA5700785,BAYER RESEARCH AND DEVELOPMENT LLC,NTNC,D1,T1,YOLO,GW,Neither,,,
CA5700788,NORTH DAVIS MEADOWS,C,D1,TD,YOLO,GW,Neither,,,
CA5700791,STAN'S YOLO MARINA,NC,NR,There are no treatment plants,YOLO,GW,Neither,,,
CA5700795,HAY KINGDOM,NTNC,D1,T1,YOLO,GW,Neither,,,
CA5700797,MONROE/LEINBERGER CNTR - WATERS,C,D1,TD,YOLO,GW,Neither,,,
CA5700798,PAVESTONE,NTNC,D1,There are no treatment plants,YOLO,GW,Neither,,,
CA5700802,NELSON'S GROVE,NC,NR,T1,YOLO,GW,Neither,,,
CA5700804,CLARKSBURG COMM CHURCH,NTNC,D1,There are no treatment plants,YOLO,GW,Neither,,,
CA5700815,ZAMORA SHELL & MINI MART,NC,NR,There are no treatment plants,YOLO,GW,Neither,,,
CA5700816,WEST VALLEY BAPTIST CHURCH,NTNC,D1,There are no treatment plants,YOLO,GW,Neither,,,
CA5700817,JEHOVAH'S WITNESSES - KINGDOM HALL,NC,NR,T1,YOLO,GW,Neither,,,
CA5700820,JEHOVAH'S WITNESSES - SOUTHPORT,NC,NR,There are no treatment plants,YOLO,GW,Neither,,,
CA5700821,JEHOVAH'S WITNESSES - DAVIS,NC,NR,T1,YOLO,GW,Neither,,,
CA5700827,PIONEER HI-BRED INTERNATIONAL,NTNC,D1,T1,YOLO,GW,Neither,,,
CA5710001,CITY OF DAVIS,C,D4,T2,YOLO,SWP,CVP,38.55414414,-121.7332599,
CA5710003,CITY OF WEST SACRAMENTO,C,D4,T5,YOLO,SW,CVP,38.55558581,-121.5494918,
CA5710004,KNIGHTS LANDING SVC. DIST.,C,D2,TD,YOLO,GW,Neither,,,
CA5710005,CITY OF WINTERS,C,D2,TD,YOLO,GW,Neither,,,
CA5710006,CITY OF WOODLAND,C,D4,T1,YOLO,SWP,CVP,38.67102542,-121.7479673,
CA5710007,ESPARTO C.S.D.,C,D2,T1,YOLO,GW,Neither,,,
CA5710009,UC - DAVIS,C,D3,TD,YOLO,SWP,CVP,38.53405186,-121.7764055,
CA5710011,WILD WINGS GOLF COMMUNITY,C,D2,T1,YOLO,GW,Neither,,,
CA5710012,WOODLAND-DAVIS CLEAN WATER AGENCY,C,NR,T5,YOLO,SW,CVP,38.66760354,-121.7186191,
CA5710013,IHS NOR CAL YOUTH TRMNT CTR(SACRED OAKS),NTNC,D1,T1,YOLO,GW,Neither,,,
CA5790001,UC - DAVIS,NP,D1,There are no treatment plants,YOLO,,,,,
CA5790002,WILD WINGS WASTEWATER RECYCLING FACILITY,NP,D1,There are no treatment plants,YOLO,,,,,
CA5790003,CACHE CREEK RESORT,NP,D1,There are no treatment plants,YOLO,,,,,
CA5790004,"DAVIS WWTP, CITY OF - RECYCLED",NP,,There are no treatment plants,YOLO,SW,Neither,,,
CA5790006,CITY OF WOODLAND WASTEWATER TREATMENT,NP,,There are no treatment plants,YOLO,,,,,
,,,,,,,,,,
CA4800531,VACA VILLA APARTMENTS,C,D1,TD,SOLANO,GW,Neither,,,
CA4800561,SNUG HARBOR RV LP,C,D1,T1,SOLANO,GW,Neither,,,
CA4800564,HIDDEN ACRES TRAILER VILLA,C,D1,TD,SOLANO,GW,Neither,,,
CA4800589,CRESTA MESA PARQUE,C,D1,There are no treatment plants,SOLANO,GW,Neither,,,
CA4800595,"MARIANI PACKING COMPANY, INC.",NTNC,D1,TD,SOLANO,GW,Neither,,,
CA4800596,ROCKWELL COLLINS INC. (FKA UPCO-UTAS),NTNC,D1,TD,SOLANO,GW,Neither,,,
CA4800612,HASTINGS ISLAND HUNTING PRESERVE,NC,NR,There are no treatment plants,SOLANO,GW,Neither,,,
CA4800615,SUPERIOR PACKING CO,NTNC,D1,There are no treatment plants,SOLANO,GW,Neither,,,
CA4800651,LAKE SOLANO PARK,NC,NR,TD,SOLANO,GW,Neither,,,
CA4800695,MOOSE LODGE 1967,NC,NR,T2,SOLANO,SW,Neither,38.3768855,-121.9973002,
CA4800727,CAMPBELL SOUP DIXON,NTNC,D1,There are no treatment plants,SOLANO,GW,Neither,,,
CA4800732,DIXON 76,NC,NR,T2,SOLANO,GW,Neither,,,
CA4800753,VINEYARD RV PARK,C,D1,T1,SOLANO,GW,Neither,,,
CA4800755,MIDWAY RV PARK,NC,NR,There are no treatment plants,SOLANO,GW,Neither,,,
CA4800767,STOCKING RANCH DEEPWELL,NTNC,D1,TD,SOLANO,GW,Neither,,,
CA4800773,PUNJABI DHABA,NC,NR,TD,SOLANO,GW,Neither,,,
CA4800781,HUNTER HILL SAFETY ROADSIDE REST AREA,NC,NR,TD,SOLANO,GW,Neither,,,
CA4800784,WOODEN VALLEY WINERY,NC,D1,There are no treatment plants,SOLANO,GW,Neither,,,
CA4800786,MIDWAY FOODS,NC,NR,There are no treatment plants,SOLANO,GW,Neither,,,
CA4800797,BIRDS LANDING HUNTING PRESERVE,NC,NR,There are no treatment plants,SOLANO,GW,Neither,,,
CA4800801,NEIL'S SERVICE CENTER,NTNC,D1,T1,SOLANO,GW,Neither,,,
CA4800804,DIXON MIGRANT CENTER,NTNC,D1,TD,SOLANO,GW,Neither,,,
CA4800807,SELF-SERVE PETROLEUM,NC,NR,TD,SOLANO,GW,Neither,,,
CA4800809,VALLEY EVANGELICAL FREE CHURCH,NC,NR,T2,SOLANO,GW,Neither,,,
CA4800812,WEST WIND WINERY,NC,NR,There are no treatment plants,SOLANO,GW,Neither,,,
CA4800818,PEDRICK PRODUCE,NC,NR,T2,SOLANO,GW,Neither,,,
CA4800820,EB STONE,NTNC,NR,There are no treatment plants,SOLANO,GW,Neither,,,
CA4800826,VACA-DIXON SUBSTATION,NTNC,D1,TD,SOLANO,GW,Neither,,,
CA4810001,CITY OF BENICIA,C,D3,T4,SOLANO,SW,SWP,38.07240308,-122.152537,
CA4810002,CALIFORNIA WATER SERVICE CO. - DIXON,C,D2,T2,SOLANO,GW,Neither,,,
CA4810003,CITY OF FAIRFIELD,C,D4,T5,SOLANO,SW,SWP,38.25691747,-122.0543405,
CA4810004,CITY OF RIO VISTA,C,D3,T2,SOLANO,GW,Neither,,,
CA4810005,SUISUN-SOLANO WATER AUTHORITY,C,D4,T4,SOLANO,SW,Neither,,,
CA4810007,CITY OF VALLEJO,C,D5,T5,SOLANO,SW,SWP,38.11411518,-122.2350559,
CA4810008,CITY OF VACAVILLE,C,D5,T4,SOLANO,SW,SWP,38.35970578,-121.9679379,
CA4810009,CITY OF DIXON,C,D3,T1,SOLANO,GW,Neither,,,
CA4810010,SID - GIBSON CANYON,C,D1,T3,SOLANO,SW,Neither,38.3823663,-122.0041316,
CA4810011,SID - ELMIRA,C,D1,TD,SOLANO,GW,Neither,,,
CA4810012,SID - QUAIL CANYON,C,D1,TD,SOLANO,GW,Neither,,,
CA4810013,RURAL NORTH VACAVILLE WATER DISTRICT,C,D1,T2,SOLANO,GW,Neither,,,
CA4810015,TRAVIS AFB WTP - VALLEJO,C,NR,T3,SOLANO,SW,Neither,38.1378317,-122.2423477,
CA4810017,WESTERN RAILWAY MUSEUM,NC,NR,There are no treatment plants,SOLANO,GW,Neither,,,
CA4810018,VACAVILLE SEVENTH DAY ADVENTIST CHURCH,NTNC,D1,There are no treatment plants,SOLANO,GW,Neither,,,
CA4810019,NORTHBAY LOGISTICS CENTER FKA SAVEMART,NTNC,D1,TD,SOLANO,GW,Neither,,,
CA4810020,HINES NURSERIES WINTERS NORTH,NTNC,D1,TD,SOLANO,GW,Neither,,,
CA4810021,CITY OF VALLEJO-LAKES SYSTEM,C,D2,T3,SOLANO,SW,SWP,38.1151181,-122.2340023,
CA4810023,NEIL'S SERVICE CENTER II,NC,NR,TD,SOLANO,GW,Neither,,,
CA4810024,SID - BLUE RIDGE OAKS,C,D1,There are no treatment plants,SOLANO,SWP,SWP,38.31496141,-122.0386348,
CA4810025,SID - PLEASANT HILLS RANCH,C,D1,T2,SOLANO,SW,Neither,,,
CA4810026,SID - PEABODY,C,D1,There are no treatment plants,SOLANO,SWP,SWP,38.29751074,-121.9780417,
CA4810030,HARRIS MORAN SEED COMPANY,NTNC,D1,TD,SOLANO,GW,Neither,,,
CA4810033,HINES NURSERY WINTERS SOUTH,NTNC,D1,T2,SOLANO,GW,Neither,,,
CA4810034,GILL SIDHU CHEVRON,NC,NR,T1,SOLANO,GW,Neither,,,
CA4810035,RUSH RANCH OPEN SPACE,NC,NR,T1,SOLANO,GW,Neither,,,
CA4810036,CONNECTION POINT CHURCH,NC,D1,There are no treatment plants,SOLANO,GW,Neither,,,
CA4810038,CAYMUS CORDELIA WINERY,NTNC,D1,TD,SOLANO,GW,Neither,,,
CA4810040,EASTERLY WWTP - VACAVILLE,NTNC,D1,There are no treatment plants,SOLANO,GW,Neither,,,
CA4810042,BLUE VICTORIAN WINERY,NC,NR,TD,SOLANO,GW,Neither,,,
CA4810043,GOTHAM GREENS,NTNC,D1,T2,SOLANO,GW,Neither,,,
CA4810045,MIDWAY STARS 76 GAS STATION & FOOD MART,NC,D1,There are no treatment plants,SOLANO,GW,Neither,,,
CA4810701,CALIFORNIA WATER SERVICE CO.-TRAVIS AFB,C,D2,T1,SOLANO,SWP,SWP,38.26729898,-121.9420936,
CA4810800,CALIFORNIA STATE PRISON - SOLANO,C,D2,T3,SOLANO,SW,SWP,38.32108935,-121.9752046,
CA4810801,DELTA CONSERVATION CAMP,C,D1,TD,SOLANO,GW,Neither,,,
CA4890001,FAIRFIELD-SUISUN SEWER DISTRICT,NP,,There are no treatment plants,SOLANO,,,,,
CA4890003,CITY OF BENICIA,NP,,There are no treatment plants,SOLANO,,,,,
CA4890004,CITY OF RIO VISTA - RECLAIMATION,NP,,There are no treatment plants,SOLANO,,,,,
CA4890005,CITY OF VACAVILLE - RECLAIMATION,NP,,There are no treatment plants,SOLANO,,,,,
,,,,,,,,,,
CA3810008,THOMAS SHAFT WHOLESALE,C,D1,T2,SAN JOAQUIN,SWP,SWP,n/a,n/a,
CA3900504,CLEMENTS WATER WORKS #43,C,D1,T1,SAN JOAQUIN,GW,Neither,,,
CA3900505,FARMINGTON WATER COMPANY,C,D1,There are no treatment plants,SAN JOAQUIN,GW,Neither,,,
CA3900511,SJC MICKE GROVE PARK,NTNC,D1,T1,SAN JOAQUIN,GW,Neither,,,
CA3900512,MORADA ACRES WATER SYSTEM,C,D1,There are no treatment plants,SAN JOAQUIN,GW,Neither,,,
CA3900517,ALMOND PARK WATER SYSTEM,C,D1,There are no treatment plants,SAN JOAQUIN,GW,Neither,,,
CA3900523,MORADA MANOR WATER SYSTEM,C,D1,There are no treatment plants,SAN JOAQUIN,GW,Neither,,,
CA3900543,MAURLAND MANOR WATER SYSTEM,C,D1,There are no treatment plants,SAN JOAQUIN,GWP,Neither,,,
CA3900558,RANCHO SAN JOAQUIN WATER SYS,C,D1,T2,SAN JOAQUIN,GW,Neither,,,
CA3900559,WINE COUNTRY APARTMENTS,C,D1,There are no treatment plants,SAN JOAQUIN,GW,Neither,,,
CA3900561,LODI LAKE MOBILE HOME PARK,C,D1,There are no treatment plants,SAN JOAQUIN,GW,Neither,,,
CA3900563,GAYLA MANOR PWS,C,D1,T2,SAN JOAQUIN,GW,Neither,,,
CA3900568,CARIBOU MOBILE PARK PWS,C,D1,There are no treatment plants,SAN JOAQUIN,GW,Neither,,,
CA3900569,EL RIO MOBILE HOME PARK,C,D1,There are no treatment plants,SAN JOAQUIN,GW,Neither,,,
CA3900578,ST FRANCIS MOTEL,NC,NR,There are no treatment plants,SAN JOAQUIN,GW,Neither,,,
CA3900579,CENTURY MOBILE HOME PARK,C,D1,There are no treatment plants,SAN JOAQUIN,GW,Neither,,,
CA3900581,HARNEY LANE MIGRANT CENTER WS,NTNC,D1,T2,SAN JOAQUIN,GW,Neither,,,
CA3900583,TIKI LAGOON RESORT & MARINA,NC,NR,T1,SAN JOAQUIN,GW,Neither,,,
CA3900585,RODEWAY INN,NC,NR,There are no treatment plants,SAN JOAQUIN,GW,Neither,,,
CA3900586,B&G MOBILE HOME PARK LLC WS,C,D1,There are no treatment plants,SAN JOAQUIN,GW,Neither,,,
CA3900592,TOWN & COUNTRY INN,NC,NR,There are no treatment plants,SAN JOAQUIN,GW,Neither,,,
CA3900596,VILLA CEREZOS,C,D1,There are no treatment plants,SAN JOAQUIN,GW,Neither,,,
CA3900598,MARIONS RANCH HOUSE MOTEL,NC,NR,There are no treatment plants,SAN JOAQUIN,GW,Neither,,,
CA3900602,TAHAMA VILLAGE MOBILE HOME PARK,C,D1,There are no treatment plants,SAN JOAQUIN,GW,Neither,,,
CA3900606,A1 WINSTONS MOBILE HOME PARK,C,D1,There are no treatment plants,SAN JOAQUIN,GW,Neither,,,
CA3900607,COUNTRY SQUIRE MOBILE ESTATES & WATER SY,C,D1,There are no treatment plants,SAN JOAQUIN,GW,Neither,,,
CA3900616,WINDMILL COVE RESORT/MARINA LLC,NC,NR,T1,SAN JOAQUIN,GW,Neither,,,
CA3900624,IL VINETO,C,D1,There are no treatment plants,SAN JOAQUIN,GW,Neither,,,
CA3900637,BIG WHEEL MOBILE HOME PARK,C,D1,There are no treatment plants,SAN JOAQUIN,GW,Neither,,,
CA3900648,TURTLE BEACH & WATER SYSTEM,NC,NR,There are no treatment plants,SAN JOAQUIN,GW,Neither,,,
CA3900649,GLENWOOD MOBILE HOME PARK,C,D1,There are no treatment plants,SAN JOAQUIN,GW,Neither,,,
CA3900653,ISLANDER MARINA,C,D1,T1,SAN JOAQUIN,GW,Neither,,,
CA3900661,MAPACHE TRAILER PARK,C,D1,There are no treatment plants,SAN JOAQUIN,GW,Neither,,,
CA3900664,NEW HOPE LANDING GENERAL STORE,C,D1,There are no treatment plants,SAN JOAQUIN,GW,Neither,,,
CA3900666,KING ISLAND RESORT PWS,NC,NR,There are no treatment plants,SAN JOAQUIN,GW,Neither,,,
CA3900682,LOCKEFORD MOBILE HOME PARK WTR SYS,C,D1,There are no treatment plants,SAN JOAQUIN,GW,Neither,,,
CA3900701,CURRIER ESTATES WATER CORP,C,D1,There are no treatment plants,SAN JOAQUIN,GW,Neither,,,
CA3900702,CORRAL HOLLOW PWS,C,D1,T2,SAN JOAQUIN,GW,Neither,,,
CA3900705,FINNLEES TRAILER PARK,C,D1,There are no treatment plants,SAN JOAQUIN,GW,Neither,,,
CA3900709,EL RANCHO MOTEL,NC,NR,There are no treatment plants,SAN JOAQUIN,GW,Neither,,,
CA3900714,SUNNYSIDE ESTATES WATER SYSTEM,C,D1,There are no treatment plants,SAN JOAQUIN,SWP,Neither,n/a,n/a,
CA3900719,MOKELUMNE MOBILE SENIOR PARK,C,D1,There are no treatment plants,SAN JOAQUIN,GW,Neither,,,
CA3900720,SHADED TERRACE PWS,C,D1,There are no treatment plants,SAN JOAQUIN,GW,Neither,,,
CA3900722,MORADA ESTATES PWS,C,D1,T2,SAN JOAQUIN,GW,Neither,,,
CA3900724,ELKHORN ESTATES WATER SYSTEM,C,D1,T2,SAN JOAQUIN,GW,Neither,,,
CA3900732,V & P TRAILER COURT WATER SYSTEM,C,D1,There are no treatment plants,SAN JOAQUIN,GW,Neither,,,
CA3900733,COUNTRY CLUB VISTA MUTUAL WATER CO,C,D1,There are no treatment plants,SAN JOAQUIN,GW,Neither,,,
CA3900742,J M EAGLE (WS),NTNC,D1,There are no treatment plants,SAN JOAQUIN,GW,Neither,,,
CA3900748,ESCALON USD- COLLEGEVILLE SCH,NTNC,D1,There are no treatment plants,SAN JOAQUIN,GW,Neither,,,
CA3900751,MARTINEZ APARTMENTS,C,D1,There are no treatment plants,SAN JOAQUIN,GW,Neither,,,
CA3900752,STEVENS MOTEL WATER SYSTEM,NC,NR,There are no treatment plants,SAN JOAQUIN,GW,Neither,,,
CA3900755,SHADY REST TRAILER COURT,C,D1,There are no treatment plants,SAN JOAQUIN,GW,Neither,,,
CA3900756,LINDEN USD-GLENWOOD SCHOOL,NTNC,D1,There are no treatment plants,SAN JOAQUIN,GW,Neither,,,
CA3900757,LINDEN USD-WATERLOO ELEMENTARY,NTNC,D1,There are no treatment plants,SAN JOAQUIN,GW,Neither,,,
CA3900759,TURNER CUT RESORT,NC,NR,T1,SAN JOAQUIN,GW,Neither,,,
CA3900762,RIVERSIDE MOBILE HOME PARK,C,D1,There are no treatment plants,SAN JOAQUIN,GW,Neither,,,
CA3900768,PARADISE POINT MARINA,NC,NR,T3,SAN JOAQUIN,GW,Neither,,,
CA3900779,BETHANY TEMPLE WATER SYSTEM,NC,NR,There are no treatment plants,SAN JOAQUIN,GW,Neither,,,
CA3900796,BTQC-ESCALON,NTNC,D1,There are no treatment plants,SAN JOAQUIN,GW,Neither,,,
CA3900797,ESCALON PREMIER BRANDS,NTNC,D1,There are no treatment plants,SAN JOAQUIN,GWP,Neither,,,
CA3900798,FRANZIA WINERY,NTNC,D1,There are no treatment plants,SAN JOAQUIN,GW,Neither,,,
CA3900799,OLDE TOWNE,NC,NR,There are no treatment plants,SAN JOAQUIN,GW,Neither,,,
CA3900805,MOREHEAD PARK,C,D1,There are no treatment plants,SAN JOAQUIN,GW,Neither,,,
CA3900813,HAVEN ACRES RIVER CLUB INC,C,D1,There are no treatment plants,SAN JOAQUIN,GW,Neither,,,
CA3900814,TWO RIVERS RV PARK,NC,NR,There are no treatment plants,SAN JOAQUIN,GW,Neither,,,
CA3900815,DELICATO VINEYARDS,NTNC,D1,There are no treatment plants,SAN JOAQUIN,GW,Neither,,,
CA3900825,OWENS-BROCKWAY GLASS CONTAINER INC,NTNC,D1,There are no treatment plants,SAN JOAQUIN,GW,Neither,,,
CA3900831,ARBOR MOBILE HOME PARK WS,C,D1,T1,SAN JOAQUIN,GW,Neither,,,
CA3900835,WAYSIDE MOTEL APARTMENTS WTR SYS,C,D1,There are no treatment plants,SAN JOAQUIN,GW,Neither,,,
CA3900837,LODI HOMES,C,D1,There are no treatment plants,SAN JOAQUIN,GW,Neither,,,
CA3900840,SMK CHEVRON,NC,NR,There are no treatment plants,SAN JOAQUIN,GW,Neither,,,
CA3900842,DOUBLE L MOBILE ESTATES,C,D1,There are no treatment plants,SAN JOAQUIN,GW,Neither,,,
CA3900844,COUNTRY MANOR MHP,C,D1,T1,SAN JOAQUIN,GW,Neither,,,
CA3900846,OAK VIEW UNION ELEMENTARY SCH,NTNC,D1,There are no treatment plants,SAN JOAQUIN,GW,Neither,,,
CA3900848,LODI USD-TURNER ACADEMY AT TOKAY COLONY,NTNC,D1,There are no treatment plants,SAN JOAQUIN,GW,Neither,,,
CA3900849,LODI USD-LIVE OAK SCHOOL,NTNC,D1,There are no treatment plants,SAN JOAQUIN,GW,Neither,,,
CA3900850,LODI USD-HOUSTON SCHOOL,NTNC,D1,There are no treatment plants,SAN JOAQUIN,GW,Neither,,,
CA3900903,FRANKS ONE/STOP FOOD MART WATER SYS,NC,NR,There are no treatment plants,SAN JOAQUIN,GW,Neither,,,
CA3900907,BEL AIR MOBILE ESTATE,C,D1,There are no treatment plants,SAN JOAQUIN,GW,Neither,,,
CA3900921,CARDOZA VILLA CORP,C,D1,There are no treatment plants,SAN JOAQUIN,GW,Neither,,,
CA3900927,SPRING CREEK ESTATES PWS,C,D1,There are no treatment plants,SAN JOAQUIN,GW,Neither,,,
CA3900962,RANCH COFFEE SHOP,NC,NR,There are no treatment plants,SAN JOAQUIN,GW,Neither,,,
CA3900964,SAHARA MOBILE COURT,C,D1,There are no treatment plants,SAN JOAQUIN,GW,Neither,,,
CA3900965,COLLEGEVILLE MARKET & CAFE,NC,NR,There are no treatment plants,SAN JOAQUIN,GW,Neither,,,
CA3900974,STAR MOTEL,NC,NR,There are no treatment plants,SAN JOAQUIN,GW,Neither,,,
CA3900978,SJ COUNTY-REDWOOD SCHOOL,NTNC,D1,There are no treatment plants,SAN JOAQUIN,GW,Neither,,,
CA3900983,CHERRY LANE TRAILER PARK,C,D1,There are no treatment plants,SAN JOAQUIN,GW,Neither,,,
CA3900991,LA TORRES PARK,C,D1,There are no treatment plants,SAN JOAQUIN,GW,Neither,,,
CA3900993,NEW JERUSALEM SCHOOL,NTNC,D1,There are no treatment plants,SAN JOAQUIN,GW,Neither,,,
CA3900998,OASIS MARINA-RESORT,NC,NR,There are no treatment plants,SAN JOAQUIN,GW,Neither,,,
CA3901006,ARP MINIMART CORP WS,NC,NR,There are no treatment plants,SAN JOAQUIN,GW,Neither,,,
CA3901010,ST FRANCIS YACHT CLUB,NC,NR,There are no treatment plants,SAN JOAQUIN,GW,Neither,,,
CA3901011,COUNTRY MARKET,NC,NR,There are no treatment plants,SAN JOAQUIN,GW,Neither,,,
CA3901014,BANTA ELEMENTARY SCHOOL,NTNC,D1,There are no treatment plants,SAN JOAQUIN,GW,Neither,,,
CA3901015,CORTI WATER SYSTEM,NC,NR,There are no treatment plants,SAN JOAQUIN,GW,Neither,,,
CA3901031,132 INVESTMENTS WATER SYSTEM,C,D1,There are no treatment plants,SAN JOAQUIN,GW,Neither,,,
CA3901032,LODI USD-TURNER ACADEMY,NTNC,D1,T1,SAN JOAQUIN,GW,Neither,,,
CA3901041,LODI AIRPORT CAFE,NC,NR,There are no treatment plants,SAN JOAQUIN,GW,Neither,,,
CA3901046,COUNTRYSIDE LIQUORS & GAS,NC,NR,There are no treatment plants,SAN JOAQUIN,GW,Neither,,,
CA3901074,TWIN OAKS MOBILE PARK,C,D1,There are no treatment plants,SAN JOAQUIN,GW,Neither,,,
CA3901075,FAIRWAY ESTATES PWS CSA-18,C,D1,There are no treatment plants,SAN JOAQUIN,GW,Neither,,,
CA3901080,ALPINE MEATS INC,NTNC,D1,T1,SAN JOAQUIN,GW,Neither,,,
CA3901081,MOBILE VILLAS TRAILER PARK,C,D1,There are no treatment plants,SAN JOAQUIN,GW,Neither,,,
CA3901082,ST JOSEPHS HOSPITAL,NTNC,D1,There are no treatment plants,SAN JOAQUIN,GW,Neither,,,
CA3901085,LODI USD-DAVIS SCHOOL,NTNC,D1,There are no treatment plants,SAN JOAQUIN,GW,Neither,,,
CA3901086,PACIFIC BELL UE17L WATER SYSTEM,NTNC,D1,There are no treatment plants,SAN JOAQUIN,GW,Neither,,,
CA3901090,NORTH VALLEY SCHOOL PWS,NTNC,D1,There are no treatment plants,SAN JOAQUIN,GW,Neither,,,
CA3901092,SAN JOAQUIN WATER WORKS #2,C,D1,T2,SAN JOAQUIN,GW,Neither,,,
CA3901106,TRACY WILDLIFE ASSOC,NC,NR,There are no treatment plants,SAN JOAQUIN,GW,Neither,,,
CA3901107,JEFFERSON ESD-JEFFERSON SCHOOL,NTNC,D1,There are no treatment plants,SAN JOAQUIN,GW,Neither,,,
CA3901108,JAHANT FOOD N FUEL STOP,NC,NR,There are no treatment plants,SAN JOAQUIN,GW,Neither,,,
CA3901113,WALNUT ACRES,C,D1,There are no treatment plants,SAN JOAQUIN,GW,Neither,,,
CA3901114,KING ISLAND TRAILER PARK WATER SYSTEM,C,D1,There are no treatment plants,SAN JOAQUIN,GW,Neither,,,
CA3901116,NAVARRA WATER SYSTEM,NC,D1,There are no treatment plants,SAN JOAQUIN,GW,Neither,,,
CA3901120,WIENERSCHNITZEL,NC,NR,There are no treatment plants,SAN JOAQUIN,GW,Neither,,,
CA3901123,MORADA CHEVRON FAST N EASY #60*,NC,NR,T1,SAN JOAQUIN,GW,Neither,,,
CA3901124,DENNY BOYS WATER SYSTEM,NC,NR,There are no treatment plants,SAN JOAQUIN,GW,Neither,,,
CA3901131,BAY VALLEY ESTATES PWS,NC,NR,There are no treatment plants,SAN JOAQUIN,GW,Neither,,,
CA3901159,WILKINSON MANOR A-ZONE PWS,C,D1,There are no treatment plants,SAN JOAQUIN,GWP,Neither,,,
CA3901163,MUSD-NEW HAVEN SCHOOL,NTNC,D1,There are no treatment plants,SAN JOAQUIN,GW,Neither,,,
CA3901167,EUSD-VAN ALLEN SCHOOL,NTNC,D1,There are no treatment plants,SAN JOAQUIN,GW,Neither,,,
CA3901172,PAR COUNTRY ESTATES CSA-16,C,D1,T2,SAN JOAQUIN,GW,Neither,,,
CA3901176,PHILLIPS FARMS,NTNC,D1,T1,SAN JOAQUIN,GW,Neither,,,
CA3901179,LODI WINE & BUSINESS CENTER,NTNC,D1,There are no treatment plants,SAN JOAQUIN,GW,Neither,,,
CA3901181,NORTHWEST PIPE COMPANY,NTNC,D1,There are no treatment plants,SAN JOAQUIN,GW,Neither,,,
CA3901182,FINLEYS,NC,NR,There are no treatment plants,SAN JOAQUIN,GW,Neither,,,
CA3901194,VALIMET INC,NTNC,D1,There are no treatment plants,SAN JOAQUIN,GW,Neither,,,
CA3901197,"OAK RIDGE WINERY, LLC",NTNC,D1,There are no treatment plants,SAN JOAQUIN,GW,Neither,,,
CA3901205,LOWER SAC PLAZA,NC,NR,There are no treatment plants,SAN JOAQUIN,GW,Neither,,,
CA3901209,ST MARYS HIGH SCHOOL,NTNC,D1,There are no treatment plants,SAN JOAQUIN,GW,Neither,,,
CA3901213,SUNNY ROAD WATER SYSTEM,C,D1,There are no treatment plants,SAN JOAQUIN,GW,Neither,,,
CA3901215,SAN JUAN VISTA,C,D1,There are no treatment plants,SAN JOAQUIN,GW,Neither,,,
CA3901216,SANTOS RANCH PWS #5-CSA #35,C,D1,T2,SAN JOAQUIN,GW,Neither,,,
CA3901217,HAYNES BOARD & CARE HOME,C,D1,There are no treatment plants,SAN JOAQUIN,GW,Neither,,,
CA3901231,ESCALON GOLF COURSE WS,NC,NR,There are no treatment plants,SAN JOAQUIN,GW,Neither,,,
CA3901238,MOKELUMNE BEACH RV PARK,NC,NR,There are no treatment plants,SAN JOAQUIN,GW,Neither,,,
CA3901242,NEW 99 SPEEDWAY WATER SYSTEM,NC,NR,There are no treatment plants,SAN JOAQUIN,GW,Neither,,,
CA3901245,CALIFORNIA FRUIT PROCESSORS,NC,D1,There are no treatment plants,SAN JOAQUIN,GW,Neither,,,
CA3901248,FLAG CITY WATER SYSTEM,NTNC,D1,T2,SAN JOAQUIN,GW,Neither,,,
CA3901252,WATERLOO CALIFORNIA RESTAURANT,NC,NR,There are no treatment plants,SAN JOAQUIN,GW,Neither,,,
CA3901253,WATERLOO GUN & BOCCE CLUB,NC,NR,There are no treatment plants,SAN JOAQUIN,GW,Neither,,,
CA3901258,AT&T CALIFORNIA - UER47,NTNC,D1,There are no treatment plants,SAN JOAQUIN,GW,Neither,,,
CA3901276,HANOT FOUNDATION INC,C,D1,There are no treatment plants,SAN JOAQUIN,GW,Neither,,,
CA3901278,PLUG CONNECTION LODI,NTNC,D1,There are no treatment plants,SAN JOAQUIN,GW,Neither,,,
CA3901280,HORIZON CHRISTIAN FELLOWSHIP,NC,NR,There are no treatment plants,SAN JOAQUIN,GW,Neither,,,
CA3901282,CBUSO DBA WOODBRIDGE WINERY,NTNC,D1,There are no treatment plants,SAN JOAQUIN,GW,Neither,,,
CA3901283,ZAPIEN MARKET,NC,NR,There are no treatment plants,SAN JOAQUIN,GW,Neither,,,
CA3901284,SJC SPORTS COMPLEX,NC,NR,There are no treatment plants,SAN JOAQUIN,GW,Neither,,,
CA3901285,VICTOR SERVICE CENTER,NTNC,D2,T2,SAN JOAQUIN,GW,Neither,,,
CA3901296,ITALIAN ATHLETIC CLUB,NC,NR,There are no treatment plants,SAN JOAQUIN,GW,Neither,,,
CA3901299,BANTA INN WATER SYSTEM,NC,NR,There are no treatment plants,SAN JOAQUIN,GW,Neither,,,
CA3901301,PETES PLACE LLC,NC,NR,There are no treatment plants,SAN JOAQUIN,GW,Neither,,,
CA3901303,ACAMPO WATER SYSTEM,C,D1,There are no treatment plants,SAN JOAQUIN,GW,Neither,,,
CA3901304,ENCLAVE AT THE DELTA,C,D1,There are no treatment plants,SAN JOAQUIN,GW,Neither,,,
CA3901305,CARMELO INDUSTRIAL PARK,NTNC,D1,There are no treatment plants,SAN JOAQUIN,GW,Neither,,,
CA3901306,KELLOGG GARDEN PRODUCTS,NTNC,D1,There are no treatment plants,SAN JOAQUIN,GW,Neither,,,
CA3901308,YONGS BAR & GRILL WATER SYSTEM,NC,NR,There are no treatment plants,SAN JOAQUIN,GW,Neither,,,
CA3901309,GLASSFAB TEMPERING SERVICES INC.,NTNC,D1,There are no treatment plants,SAN JOAQUIN,GW,Neither,,,
CA3901310,DARRIGOS WATER SYSTEM,NC,NR,There are no treatment plants,SAN JOAQUIN,GW,Neither,,,
CA3901312,TURNER ROAD VINTNERS (EAST),NTNC,D1,T1,SAN JOAQUIN,GW,Neither,,,
CA3901315,GAF MATERIALS CO,NTNC,D1,There are no treatment plants,SAN JOAQUIN,GW,Neither,,,
CA3901318,S M S BRINERS INC,NTNC,D1,T3,SAN JOAQUIN,GW,Neither,,,
CA3901319,KNAPHEIDE TRUCK EQUIPMENT COMPANY,NTNC,D1,There are no treatment plants,SAN JOAQUIN,GW,Neither,,,
CA3901320,CHARGIN-SOSSAMON WATER SYSTEM,NTNC,D1,There are no treatment plants,SAN JOAQUIN,GW,Neither,,,
CA3901322,MANTECA INDUSTRIAL PRK CSA-30,NTNC,D1,There are no treatment plants,SAN JOAQUIN,GW,Neither,,,
CA3901323,COZAD WATER SYSTEM,NTNC,D1,There are no treatment plants,SAN JOAQUIN,GW,Neither,,,
CA3901328,FAMILY MARKET WATER SYSTEM,NC,NR,There are no treatment plants,SAN JOAQUIN,GW,Neither,,,
CA3901329,WEST KINGDOM HALL OF JEHOVAH'S WITNESSES,NC,NR,There are no treatment plants,SAN JOAQUIN,GW,Neither,,,
CA3901331,RIPON USD-COLONY OAK SCHOOL,NTNC,D1,There are no treatment plants,SAN JOAQUIN,GW,Neither,,,
CA3901336,WESTERN PALLET SUPPLY & LOGISTICS,NTNC,D1,There are no treatment plants,SAN JOAQUIN,GW,Neither,,,
CA3901337,MORADA ESTATES N PWS #46,C,D1,There are no treatment plants,SAN JOAQUIN,GW,Neither,,,
CA3901338,"DYNATECT RO-LAB, INC.",NTNC,D1,There are no treatment plants,SAN JOAQUIN,GW,Neither,,,
CA3901341,RAUDEL DELGADO WATER SYSTEM,NC,NR,There are no treatment plants,SAN JOAQUIN,GW,Neither,,,
CA3901342,"ZUCKERMAN, ROSCOE 39-316",NC,NR,There are no treatment plants,SAN JOAQUIN,GW,Neither,,,
CA3901343,DEVIL MOUNTAIN WHOLESALE NURSERY,NTNC,D1,There are no treatment plants,SAN JOAQUIN,GW,Neither,,,
CA3901344,ESCALON LIVESTOCK MKT,NC,NR,There are no treatment plants,SAN JOAQUIN,GW,Neither,,,
CA3901345,NORMANS NURSERY,NTNC,D1,There are no treatment plants,SAN JOAQUIN,GW,Neither,,,
CA3901348,FAIROAKS PWS #44,C,D2,TD,SAN JOAQUIN,GW,Neither,,,
CA3901350,BOETHING TREELAND FARMS INC,NTNC,D1,There are no treatment plants,SAN JOAQUIN,GW,Neither,,,
CA3901354,LARSEN RANCH 39-40/WATER SYSTEM,NTNC,D1,There are no treatment plants,SAN JOAQUIN,GW,Neither,,,
CA3901360,HOLIDAY HARBOR MARINA,NC,NR,There are no treatment plants,SAN JOAQUIN,GW,Neither,,,
CA3901365,"RIVER MILL, THE",NC,NR,There are no treatment plants,SAN JOAQUIN,GW,Neither,,,
CA3901368,OM SCOTT & SONS/HYPONEX CORP,NTNC,D1,There are no treatment plants,SAN JOAQUIN,GW,Neither,,,
CA3901369,BASALITE - TRACY,NTNC,D1,There are no treatment plants,SAN JOAQUIN,GW,Neither,,,
CA3901370,JIMMYS ONE STOP,NC,NR,There are no treatment plants,SAN JOAQUIN,GW,Neither,,,
CA3901371,LOCKEFORD SPRINGS GOLF COURSE,NC,NR,There are no treatment plants,SAN JOAQUIN,GW,Neither,,,
CA3901373,EUSD-GATEWAY CHARTER,NTNC,D1,There are no treatment plants,SAN JOAQUIN,GW,Neither,,,
CA3901377,FRENCH CAMP GOLF COURSE,NTNC,D1,There are no treatment plants,SAN JOAQUIN,GW,Neither,,,
CA3901378,SAN-I-PAK INC,NTNC,D1,There are no treatment plants,SAN JOAQUIN,GW,Neither,,,
CA3901382,O-G PACKING CO,NTNC,D1,There are no treatment plants,SAN JOAQUIN,GW,Neither,,,
CA3901387,STOCKTON BAPTIST CHURCH,NTNC,D1,There are no treatment plants,SAN JOAQUIN,GW,Neither,,,
CA3901388,P G & E-TURNER CUT WATER SYSTEM,NTNC,NR,There are no treatment plants,SAN JOAQUIN,GW,Neither,,,
CA3901390,FRANK C ALEGRE TRUCKING INC WS,NTNC,D1,T1,SAN JOAQUIN,GW,Neither,,,
CA3901391,MCHENRY AVE RECREATION AREA,NC,NR,There are no treatment plants,SAN JOAQUIN,GW,Neither,,,
CA3901392,"ENVIROPLEX, INC",NTNC,D1,T1,SAN JOAQUIN,GW,Neither,,,
CA3901393,TURNER ROAD VINTNERS (WEST),NC,NR,There are no treatment plants,SAN JOAQUIN,GW,Neither,,,
CA3901394,CALVA PRODUCTS CO INC,NTNC,D1,There are no treatment plants,SAN JOAQUIN,GW,Neither,,,
CA3901397,"GURDAWARA, GUR NANAK PARKASH WATER SYSTE",NC,NR,There are no treatment plants,SAN JOAQUIN,GW,Neither,,,
CA3901399,CHURCH OF JESUS CHRIST OF LDS,NC,NR,There are no treatment plants,SAN JOAQUIN,GW,Neither,,,
CA3901400,VALLEY LANDSCAPING & MAINT INC,NTNC,D1,There are no treatment plants,SAN JOAQUIN,GW,Neither,,,
CA3901401,ZUCKERMAN HERITAGE-MCDONALD,NC,NR,There are no treatment plants,SAN JOAQUIN,GW,Neither,,,
CA3901402,FAITH COMMUNITY CHURCH OF THE NAZARENE,NC,NR,There are no treatment plants,SAN JOAQUIN,GW,Neither,,,
CA3901403,BEAR CREEK COMMUNITY CHURCH,NC,NR,There are no treatment plants,SAN JOAQUIN,GW,Neither,,,
CA3901404,BEAR CREEK WINERY,NTNC,D1,There are no treatment plants,SAN JOAQUIN,GW,Neither,,,
CA3901406,SOUTHWINDS CHURCH OF TRACY,NC,NR,There are no treatment plants,SAN JOAQUIN,GW,Neither,,,
CA3901407,BURLINGTON NORTHERN SANTA FE,NTNC,D1,There are no treatment plants,SAN JOAQUIN,GW,Neither,,,
CA3901409,VALPICO INDUSTRIAL PARK,NTNC,D1,There are no treatment plants,SAN JOAQUIN,GW,Neither,,,
CA3901410,VAN RUITEN FAMILY WINERY,NC,NR,T1,SAN JOAQUIN,GW,Neither,,,
CA3901411,OAKMOORE CONGRE OF JEHOVAH WIT,NC,NR,There are no treatment plants,SAN JOAQUIN,GW,Neither,,,
CA3901412,KOREAN PRESBYTERIAN CHURCH,NC,NR,There are no treatment plants,SAN JOAQUIN,GW,Neither,,,
CA3901414,MCLAUGHLIN WASTE EQUIPMENT INC,NTNC,D1,There are no treatment plants,SAN JOAQUIN,GW,Neither,,,
CA3901416,"HOME CHURCH, THE",NC,NR,There are no treatment plants,SAN JOAQUIN,GW,Neither,,,
CA3901417,J B HUNT TRANSPORT INC,NTNC,D1,T1,SAN JOAQUIN,GW,Neither,,,
CA3901418,AUSTIN INDUSTRIAL PARK WATER SYSTEM,NTNC,D1,There are no treatment plants,SAN JOAQUIN,GW,Neither,,,
CA3901421,VIEJO LTD,NTNC,D1,There are no treatment plants,SAN JOAQUIN,GW,Neither,,,
CA3901422,ST MICHAELS WATER SYSTEM,NC,NR,There are no treatment plants,SAN JOAQUIN,GW,Neither,,,
CA3901423,DOWN RIVER AN ITW COMPANY,NTNC,D1,There are no treatment plants,SAN JOAQUIN,GW,Neither,,,
CA3901424,DURHAM FERRY COMMUNITY SCHOOL,NTNC,D1,There are no treatment plants,SAN JOAQUIN,GW,Neither,,,
CA3901425,MORADA PRODUCE,NTNC,D1,There are no treatment plants,SAN JOAQUIN,GW,Neither,,,
CA3901426,HAVEN OF PEACE,NC,NR,There are no treatment plants,SAN JOAQUIN,GW,Neither,,,
CA3901428,IDLE WILD MARKET,NC,NR,There are no treatment plants,SAN JOAQUIN,GW,Neither,,,
CA3901429,MUSCO FAMILY OLIVE CO,NTNC,D1,There are no treatment plants,SAN JOAQUIN,GW,Neither,,,
CA3901430,VICTORIA ISLAND FARMS,NC,NR,There are no treatment plants,SAN JOAQUIN,GW,Neither,,,
CA3901432,ST PATRICK CATHOLIC CHURCH WTR SYS,NC,NR,There are no treatment plants,SAN JOAQUIN,GW,Neither,,,
CA3901433,KINGDOM HALL OF JEHOVAHS WITNESSES,NC,NR,There are no treatment plants,SAN JOAQUIN,GW,Neither,,,
CA3901435,COUNTRY MART DIESEL & GAS WATER SYS,NC,NR,There are no treatment plants,SAN JOAQUIN,GW,Neither,,,
CA3901438,WOODBRIDGE PIZZA WATER SYSTEM,NC,NR,There are no treatment plants,SAN JOAQUIN,GW,Neither,,,
CA3901439,LOCKEFORD HOLDINGS WATER DISTRICT LLC,NC,NR,There are no treatment plants,SAN JOAQUIN,GW,Neither,,,
CA3901441,LOVELACE TRANSFER STATION,NC,NR,There are no treatment plants,SAN JOAQUIN,GW,Neither,,,
CA3901442,TARDITI RENTALS WATER,NTNC,D1,There are no treatment plants,SAN JOAQUIN,GW,Neither,,,
CA3901443,JESSIES GROVE WINERY,NC,NR,There are no treatment plants,SAN JOAQUIN,GW,Neither,,,
CA3901445,PODESTA PACKING WATER SYSTEM,NC,NR,There are no treatment plants,SAN JOAQUIN,GW,Neither,,,
CA3901447,OLD RIVER GOLF COURSE,NC,NR,There are no treatment plants,SAN JOAQUIN,GW,Neither,,,
CA3901449,BIGLIERI FARM MARKET,NC,NR,There are no treatment plants,SAN JOAQUIN,GW,Neither,,,
CA3901450,GICO VALLEY FARMS,NC,NR,There are no treatment plants,SAN JOAQUIN,GW,Neither,,,
CA3901452,BEREA BAPTIST CHURCH STOCKTON CA,NC,NR,There are no treatment plants,SAN JOAQUIN,GW,Neither,,,
CA3901456,PRIMA FRUTTA PACKING,NTNC,D1,There are no treatment plants,SAN JOAQUIN,GW,Neither,,,
CA3901457,CLEMENTS RIDGE PRODUCE,NC,NR,There are no treatment plants,SAN JOAQUIN,GW,Neither,,,
CA3901459,JACOBS TERMINOUS MARKET,NC,NR,There are no treatment plants,SAN JOAQUIN,GW,Neither,,,
CA3901461,JENSEN PRECAST,NTNC,D1,There are no treatment plants,SAN JOAQUIN,GW,Neither,,,
CA3901462,RIPON VFW POST 1051 WATER SYSTEM,NC,NR,There are no treatment plants,SAN JOAQUIN,GW,Neither,,,
CA3901463,TULARE FARMS LLLP WATER SYSTEM,NTNC,D1,T2,SAN JOAQUIN,GW,Neither,,,
CA3901464,DESHMESH DARBAR LODI/STK WATER SYS,NC,NR,There are no treatment plants,SAN JOAQUIN,GW,Neither,,,
CA3901466,PARK GREEN HOUSES WATER SYSTEM,NTNC,D1,There are no treatment plants,SAN JOAQUIN,GW,Neither,,,
CA3901469,PASTOR ST BERNARD CHRCH WTR SYS,NC,NR,There are no treatment plants,SAN JOAQUIN,GW,Neither,,,
CA3901470,DELRIO MARKET & DELI,NC,NR,There are no treatment plants,SAN JOAQUIN,GW,Neither,,,
CA3901471,FRESH INNOVATIONS LLC,NTNC,NR,There are no treatment plants,SAN JOAQUIN,GW,Neither,,,
CA3901472,INVESTORS OF KING ISLAND WATER SYS,NC,NR,There are no treatment plants,SAN JOAQUIN,GW,Neither,,,
CA3901473,DIEDE TRUCKING WATER SYSTEM,NTNC,D1,There are no treatment plants,SAN JOAQUIN,GW,Neither,,,
CA3901474,FREMONT ONE,C,D1,There are no treatment plants,SAN JOAQUIN,GW,Neither,,,
CA3901477,TRACY MATRL RECVRY/SLD WASTE WS,NTNC,D1,T1,SAN JOAQUIN,GW,Neither,,,
CA3901478,MOOSE OUTDOOR SPORTSMAN CLUB,NC,NR,There are no treatment plants,SAN JOAQUIN,GW,Neither,,,
CA3901480,ABF FREIGHT WATER SYSTEM,NTNC,D1,T1,SAN JOAQUIN,GW,Neither,,,
CA3901481,PNP STOCKTON #80,NTNC,D1,There are no treatment plants,SAN JOAQUIN,GW,Neither,,,
CA3901482,OASIS MARKET & PRODUCE,NC,NR,There are no treatment plants,SAN JOAQUIN,GW,Neither,,,
CA3901484,BULLFROG LANDING MARINA,NC,NR,T1,SAN JOAQUIN,GW,Neither,,,
CA3901485,WESTGATE LANDING PARK WATER SYSTEM,NC,NR,There are no treatment plants,SAN JOAQUIN,GW,Neither,,,
CA3901486,CENTRAL VALLEY BAPTIST CHURCH WS,NTNC,D1,There are no treatment plants,SAN JOAQUIN,GW,Neither,,,
CA3901487,RIVER ROAD PRODUCE WATER SYSTEM,NC,NR,There are no treatment plants,SAN JOAQUIN,GW,Neither,,,
CA3902109,VIAGGIO WINERY WATER SYSTEM,NC,NR,There are no treatment plants,SAN JOAQUIN,GW,Neither,,,
CA3902136,LINDEN USD-CHARTVILLE SCHOOL,NTNC,D1,There are no treatment plants,SAN JOAQUIN,GW,Neither,,,
CA3902172,A SAMBADO & SON 39-321,NTNC,D1,There are no treatment plants,SAN JOAQUIN,GW,Neither,,,
CA3902180,SUTTER HOME WINERY INC.,NTNC,D1,T1,SAN JOAQUIN,GW,Neither,,,
CA3902181,"SCHULTE ROAD WAREHOUSE 3, LLC WTR SYS",NTNC,D1,There are no treatment plants,SAN JOAQUIN,GW,Neither,,,
CA3902183,DAN R COSTA INC (WS),NC,D2,T3,SAN JOAQUIN,GW,Neither,,,
CA3902184,"DLJ PROPERTIES, LLC",NTNC,D1,There are no treatment plants,SAN JOAQUIN,GW,Neither,,,
CA3902187,WEST 11TH STREET CHEVRON WATER SYSTEM,NC,NR,There are no treatment plants,SAN JOAQUIN,GW,Neither,,,
CA3902189,GICO MANAGEMENT,NTNC,D1,There are no treatment plants,SAN JOAQUIN,GW,Neither,,,
CA3902190,VAN GRONINGEN & SONS INC WATER SYSTEM,NC,NR,There are no treatment plants,SAN JOAQUIN,GW,Neither,,,
CA3902191,TRACY ISLAMIC CENTER WATER SYSTEM,NC,NR,There are no treatment plants,SAN JOAQUIN,GW,Neither,,,
CA3902194,CHEROKEE MEMORIAL PARK INC WATER SYSTEM,NC,NR,There are no treatment plants,SAN JOAQUIN,GW,Neither,,,
CA3902206,CALIFORNIA ISLAMIC CENTER,NC,NR,There are no treatment plants,SAN JOAQUIN,GW,Neither,,,
CA3902207,RIPON CHURCH OF CHRIST,NC,D2,There are no treatment plants,SAN JOAQUIN,GW,Neither,,,
CA3902210,GERMAN GUYS,NC,NR,There are no treatment plants,SAN JOAQUIN,GW,Neither,,,
CA3902211,"FC TRACY HOLDINGS, LLC",NTNC,D1,There are no treatment plants,SAN JOAQUIN,GW,Neither,,,
CA3902212,JAHANT WOODS CELLARS,NTNC,D1,There are no treatment plants,SAN JOAQUIN,GW,Neither,,,
CA3902213,ZINC HOUSE FARM WINERY,NC,NR,There are no treatment plants,SAN JOAQUIN,GW,Neither,,,
CA3902215,MCMANIS FAMILY VINEYARDS INC.,NTNC,D1,There are no treatment plants,SAN JOAQUIN,GW,Neither,,,
CA3902216,88 MARKET & GRILL,NC,NR,There are no treatment plants,SAN JOAQUIN,GW,Neither,,,
CA3902217,STARBUCKS,NC,NR,There are no treatment plants,SAN JOAQUIN,GW,Neither,,,
CA3910001,CALIFORNIA WATER SERVICE - STOCKTON,C,D4,T2,SAN JOAQUIN,SWP,CVP,37.95636535,-121.2802951,
CA3910002,SAN JOAQUIN COUNTY - COLONIAL HEIGHTS,C,D2,There are no treatment plants,SAN JOAQUIN,SWP,CVP,38.02469707,-121.334382,
CA3910003,"ESCALON, CITY OF",C,D2,TD,SAN JOAQUIN,GW,Neither,,,
CA3910004,"LODI, CITY OF",C,D4,T4,SAN JOAQUIN,SW,Neither,,,
CA3910005,"MANTECA, CITY OF",C,D5,T3,SAN JOAQUIN,SWP,Neither,,,
CA3910006,STOCKTON EAST WATER DISTRICT,C,D1,T5,SAN JOAQUIN,SW,CVP,37.96487031,-121.2080839,
CA3910007,"RIPON, CITY OF",C,D4,TD,SAN JOAQUIN,GW,Neither,,,
CA3910008,LOCKEFORD COMMUNITY SERV. DIST.,C,D2,There are no treatment plants,SAN JOAQUIN,GW,Neither,,,
CA3910009,SAN JOAQUIN COUNTY - THORNTON,C,D1,T2,SAN JOAQUIN,GW,Neither,,,
CA3910010,SAN JOAQUIN COUNTY - LINCOLN VILLAGE,C,D2,There are no treatment plants,SAN JOAQUIN,SWP,CVP,38.00519419,-121.3359821,
CA3910011,"TRACY, CITY OF",C,D4,T5,SAN JOAQUIN,SW,CVP,37.72686788,-121.4520979,
CA3910012,CITY OF STOCKTON,C,D5,T5,SAN JOAQUIN,SW,CVP,37.99351091,-121.3193873,
CA3910014,SAN JOAQUIN COUNTY-RAYMUS VILLAGE,C,D2,T2,SAN JOAQUIN,GW,Neither,,,
CA3910015,CITY OF LATHROP,C,D3,T3,SAN JOAQUIN,SWP,Neither,37.8113892,-121.2660233,
CA3910017,SAN JOAQUIN COUNTY-MOKELUMNE ACRES,C,D2,TD,SAN JOAQUIN,GW,Neither,,,
CA3910018,SAN JOAQUIN RIVER CLUB INC,C,D1,TD,SAN JOAQUIN,GW,Neither,,,
CA3910019,LINDEN COUNTY WATER DISTRICT,C,D2,TD,SAN JOAQUIN,GW,Neither,,,
CA3910020,STOCKTON VERDE MOBILE HOME PARK,C,D1,TD,SAN JOAQUIN,GW,Neither,,,
CA3910022,LITTLE POTATO SLOUGH MUTUAL,C,D1,T3,SAN JOAQUIN,SW,Neither,n/a,n/a,
CA3910023,OAKWOOD LAKE WATER DISTRICT-SUBDIVISION,C,D2,T2,SAN JOAQUIN,GW,Neither,,,
CA3910024,SAN JOAQUIN COUNTY - WILKINSON MANOR,C,D1,TD,SAN JOAQUIN,GW,Neither,,,
CA3910025,LAWRENCE LIVERMORE NATIONAL LAB-SITE 300,NTNC,D2,T2,SAN JOAQUIN,SWP,Neither,n/a,n/a,
CA3910027,CITY OF MOUNTAIN HOUSE,C,D3,T4,SAN JOAQUIN,SW,Neither,n/a,n/a,
CA3910300,CSP CASWELL STATE PARK,NC,D1,TD,SAN JOAQUIN,GW,Neither,,,
CA3910301,CARNEGIE SVRA,NC,D1,TD,SAN JOAQUIN,GW,Neither,,,
CA3910302,SAN JOAQUIN FAIR - 2ND DISTRICT,NC,D1,TD,SAN JOAQUIN,SWP,Neither,n/a,n/a,
CA3910701,"DEFENSE DISTRIB. DEPOT, SHARPE SITE",NTNC,D1,T2,SAN JOAQUIN,GW,Neither,,,
CA3910702,DEFENSE DISTRIB. DEPOT - TRACY SITE,NTNC,D2,T1,SAN JOAQUIN,GW,Neither,,,
CA3910803,CDCR CALIFORNIA HEALTH CARE FACILITY,C,D2,TD,SAN JOAQUIN,SWP,CVP,37.8948001,-121.1941073,
CA3990004,CITY OF LODI,NP,,There are no treatment plants,SAN JOAQUIN,,,,,
CA3990005,CITY OF MANTECA-WQCF,NP,,There are no treatment plants,SAN JOAQUIN,,,,,
CA3990008,LOCKEFORD CSD - RECLAIMED WATER SYSTEM,NP,,There are no treatment plants,SAN JOAQUIN,,,,,
CA3990011,CITY OF TRACY RECYCLED WATER,NP,,There are no treatment plants,SAN JOAQUIN,,,,,
CA3990012,CITY OF STOCKTON - WASTEWATER,NP,,There are no treatment plants,SAN JOAQUIN,,,,,
CA3990015,CITY OF LATHROP - RECLAMATION,NP,,There are no treatment plants,SAN JOAQUIN,,,,,
CA3990023,OAKWOOD LAKE WATER DISTRICT,NP,,There are no treatment plants,SAN JOAQUIN,,,,,
CA3990027,CITY OF MOUNTAIN HOUSE RECYCLED WATER,NP,,There are no treatment plants,SAN JOAQUIN,,,,,
CA3990901,FRENCH CAMP GOLF AND RV PARK,NP,,There are no treatment plants,SAN JOAQUIN,,,,,
CA3990902,WINE CUP MOTOR COACH RESORT,NP,,There are no treatment plants,SAN JOAQUIN,,,,,
CA3990903,PROLOGIS IPC II - RECLAMATION,NP,,There are no treatment plants,SAN JOAQUIN,,,,,